symbol,name,market,as_of,source
005930,삼성전자,유가,2026-06-12,KRX KIND
000660,SK하이닉스,유가,2026-06-12,KRX KIND
035420,NAVER,유가,2026-06-12,KRX KIND
035720,카카오,유가,2026-06-12,KRX KIND
051910,LG화학,유가,2026-06-12,KRX KIND
068270,셀트리온,유가,2026-06-12,KRX KIND
005380,현대자동차,유가,2026-06-12,KRX KIND
000020,동화약품,유가,2026-06-12,KRX KIND
000040,KR모터스,유가,2026-06-12,KRX KIND
000050,경방,유가,2026-06-12,KRX KIND
000070,삼양홀딩스,유가,2026-06-12,KRX KIND
000080,하이트진로,유가,2026-06-12,KRX KIND
000100,유한양행,유가,2026-06-12,KRX KIND
000120,CJ대한통운,유가,2026-06-12,KRX KIND
000140,하이트진로홀딩스,유가,2026-06-12,KRX KIND
000150,두산,유가,2026-06-12,KRX KIND
000180,성창기업지주,유가,2026-06-12,KRX KIND
000210,DL,유가,2026-06-12,KRX KIND
000220,유유제약,유가,2026-06-12,KRX KIND
000230,일동홀딩스,유가,2026-06-12,KRX KIND
000240,한국앤컴퍼니,유가,2026-06-12,KRX KIND
000250,삼천당제약,코스닥,2026-06-12,KRX KIND
000270,기아,유가,2026-06-12,KRX KIND
000300,DH오토넥스,유가,2026-06-12,KRX KIND
000320,노루홀딩스,유가,2026-06-12,KRX KIND
000370,한화손해보험,유가,2026-06-12,KRX KIND
000390,SP삼화,유가,2026-06-12,KRX KIND
000400,롯데손해보험,유가,2026-06-12,KRX KIND
000430,대원강업,유가,2026-06-12,KRX KIND
000440,중앙에너비스,코스닥,2026-06-12,KRX KIND
000480,시알홀딩스,유가,2026-06-12,KRX KIND
000490,대동,유가,2026-06-12,KRX KIND
000500,가온전선,유가,2026-06-12,KRX KIND
000520,삼일제약,유가,2026-06-12,KRX KIND
000540,흥국화재,유가,2026-06-12,KRX KIND
000590,CS홀딩스,유가,2026-06-12,KRX KIND
000640,동아쏘시오홀딩스,유가,2026-06-12,KRX KIND
000650,천일고속,유가,2026-06-12,KRX KIND
000670,영풍,유가,2026-06-12,KRX KIND
000680,LS네트웍스,유가,2026-06-12,KRX KIND
000700,유수홀딩스,유가,2026-06-12,KRX KIND
000720,현대건설,유가,2026-06-12,KRX KIND
000760,이화산업,유가,2026-06-12,KRX KIND
000810,삼성화재해상보험,유가,2026-06-12,KRX KIND
000850,화천기공,유가,2026-06-12,KRX KIND
000860,강남제비스코,유가,2026-06-12,KRX KIND
000880,한화,유가,2026-06-12,KRX KIND
000890,보해양조,유가,2026-06-12,KRX KIND
000910,유니온,유가,2026-06-12,KRX KIND
000950,전방,유가,2026-06-12,KRX KIND
000970,한국주철관공업,유가,2026-06-12,KRX KIND
000990,DB하이텍,유가,2026-06-12,KRX KIND
001000,신라섬유,코스닥,2026-06-12,KRX KIND
001020,페이퍼코리아,유가,2026-06-12,KRX KIND
001040,CJ,유가,2026-06-12,KRX KIND
001060,JW중외제약,유가,2026-06-12,KRX KIND
001070,대한방직,유가,2026-06-12,KRX KIND
001080,만호제강,유가,2026-06-12,KRX KIND
001120,LX인터내셔널,유가,2026-06-12,KRX KIND
001130,대한제분,유가,2026-06-12,KRX KIND
001200,유진증권,유가,2026-06-12,KRX KIND
001210,금호전기,유가,2026-06-12,KRX KIND
001230,동국홀딩스,유가,2026-06-12,KRX KIND
001250,GS글로벌,유가,2026-06-12,KRX KIND
001260,남광토건,유가,2026-06-12,KRX KIND
001270,부국증권,유가,2026-06-12,KRX KIND
001290,상상인증권,유가,2026-06-12,KRX KIND
001340,PKC,유가,2026-06-12,KRX KIND
001360,삼성제약,유가,2026-06-12,KRX KIND
001380,SG글로벌,유가,2026-06-12,KRX KIND
001390,KG케미칼,유가,2026-06-12,KRX KIND
001420,태원물산,유가,2026-06-12,KRX KIND
001430,세아베스틸지주,유가,2026-06-12,KRX KIND
001440,대한전선,유가,2026-06-12,KRX KIND
001450,현대해상,유가,2026-06-12,KRX KIND
001460,BYC,유가,2026-06-12,KRX KIND
001470,삼부토건,유가,2026-06-12,KRX KIND
001500,현대차증권,유가,2026-06-12,KRX KIND
001510,SK증권,유가,2026-06-12,KRX KIND
001520,동양,유가,2026-06-12,KRX KIND
001530,디아이동일,유가,2026-06-12,KRX KIND
001540,안국약품,코스닥,2026-06-12,KRX KIND
001550,조비,유가,2026-06-12,KRX KIND
001560,제일연마,유가,2026-06-12,KRX KIND
001570,금양,유가,2026-06-12,KRX KIND
001620,케이비아이동국실업,유가,2026-06-12,KRX KIND
001630,종근당홀딩스,유가,2026-06-12,KRX KIND
001680,대상,유가,2026-06-12,KRX KIND
001720,신영증권,유가,2026-06-12,KRX KIND
001740,SK네트웍스,유가,2026-06-12,KRX KIND
001750,한양증권,유가,2026-06-12,KRX KIND
001770,SHD,유가,2026-06-12,KRX KIND
001780,알루코,유가,2026-06-12,KRX KIND
001790,대한제당,유가,2026-06-12,KRX KIND
001800,오리온홀딩스,유가,2026-06-12,KRX KIND
001810,무림SP,코스닥,2026-06-12,KRX KIND
001820,삼화콘덴서공업,유가,2026-06-12,KRX KIND
001840,이화공영,코스닥,2026-06-12,KRX KIND
001940,KISCO홀딩스,유가,2026-06-12,KRX KIND
002020,코오롱,유가,2026-06-12,KRX KIND
002030,아세아,유가,2026-06-12,KRX KIND
002070,비비안,유가,2026-06-12,KRX KIND
002100,경농,유가,2026-06-12,KRX KIND
002140,고려산업,유가,2026-06-12,KRX KIND
002150,도화엔지니어링,유가,2026-06-12,KRX KIND
002170,SYTS,유가,2026-06-12,KRX KIND
002200,한국수출포장공업,유가,2026-06-12,KRX KIND
002210,동성제약,유가,2026-06-12,KRX KIND
002220,한일철강,유가,2026-06-12,KRX KIND
002230,피에스텍,코스닥,2026-06-12,KRX KIND
002240,고려제강,유가,2026-06-12,KRX KIND
002290,삼일기업공사,코스닥,2026-06-12,KRX KIND
002310,아세아제지,유가,2026-06-12,KRX KIND
002320,한진,유가,2026-06-12,KRX KIND
002350,넥센타이어,유가,2026-06-12,KRX KIND
002360,SH에너지화학,유가,2026-06-12,KRX KIND
002380,케이씨씨,유가,2026-06-12,KRX KIND
002390,한독,유가,2026-06-12,KRX KIND
002410,범양건영,유가,2026-06-12,KRX KIND
002420,세기상사,유가,2026-06-12,KRX KIND
002450,삼익악기,유가,2026-06-12,KRX KIND
002460,HS화성,유가,2026-06-12,KRX KIND
002600,조흥,유가,2026-06-12,KRX KIND
002620,제일파마홀딩스,유가,2026-06-12,KRX KIND
002630,오리엔트바이오,유가,2026-06-12,KRX KIND
002680,한탑,코스닥,2026-06-12,KRX KIND
002690,동일제강,유가,2026-06-12,KRX KIND
002700,신일전자,유가,2026-06-12,KRX KIND
002710,TCC스틸,유가,2026-06-12,KRX KIND
002720,국제약품,유가,2026-06-12,KRX KIND
002760,보락,유가,2026-06-12,KRX KIND
002780,진흥기업,유가,2026-06-12,KRX KIND
002790,아모레퍼시픽홀딩스,유가,2026-06-12,KRX KIND
002800,신신제약,코스닥,2026-06-12,KRX KIND
002810,삼영무역,유가,2026-06-12,KRX KIND
002820,SUN&L,유가,2026-06-12,KRX KIND
002840,미원상사,유가,2026-06-12,KRX KIND
002870,신풍,유가,2026-06-12,KRX KIND
002880,디와이에이,유가,2026-06-12,KRX KIND
002900,TYM,유가,2026-06-12,KRX KIND
002920,유성기업,유가,2026-06-12,KRX KIND
002960,한국쉘석유,유가,2026-06-12,KRX KIND
002990,금호건설,유가,2026-06-12,KRX KIND
003000,부광약품,유가,2026-06-12,KRX KIND
003010,혜인,유가,2026-06-12,KRX KIND
003030,세아제강지주,유가,2026-06-12,KRX KIND
003060,에이프로젠바이오로직스,유가,2026-06-12,KRX KIND
003070,코오롱글로벌,유가,2026-06-12,KRX KIND
003080,SB성보,유가,2026-06-12,KRX KIND
003090,대웅,유가,2026-06-12,KRX KIND
003100,선광,코스닥,2026-06-12,KRX KIND
003120,일성아이에스,유가,2026-06-12,KRX KIND
003160,디아이,유가,2026-06-12,KRX KIND
003200,일신방직,유가,2026-06-12,KRX KIND
003220,대원제약,유가,2026-06-12,KRX KIND
003230,삼양식품,유가,2026-06-12,KRX KIND
003240,태광산업,유가,2026-06-12,KRX KIND
003280,흥아해운,유가,2026-06-12,KRX KIND
003300,한일홀딩스,유가,2026-06-12,KRX KIND
003310,대주산업,코스닥,2026-06-12,KRX KIND
003350,한국화장품제조,유가,2026-06-12,KRX KIND
003380,하림지주,코스닥,2026-06-12,KRX KIND
003460,유화증권,유가,2026-06-12,KRX KIND
003470,유안타증권,유가,2026-06-12,KRX KIND
003480,한진중공업홀딩스,유가,2026-06-12,KRX KIND
003490,대한항공,유가,2026-06-12,KRX KIND
003520,영진약품,유가,2026-06-12,KRX KIND
003530,한화투자증권,유가,2026-06-12,KRX KIND
003540,대신증권,유가,2026-06-12,KRX KIND
003550,LG,유가,2026-06-12,KRX KIND
003570,SNT다이내믹스,유가,2026-06-12,KRX KIND
003580,HLB글로벌,유가,2026-06-12,KRX KIND
003610,방림,유가,2026-06-12,KRX KIND
003620,KG모빌리티,유가,2026-06-12,KRX KIND
003650,미창석유공업,유가,2026-06-12,KRX KIND
003670,포스코퓨처엠,유가,2026-06-12,KRX KIND
003680,한성기업,유가,2026-06-12,KRX KIND
003690,코리안리,유가,2026-06-12,KRX KIND
003720,삼영,유가,2026-06-12,KRX KIND
003780,진양산업,유가,2026-06-12,KRX KIND
003800,에이스침대,코스닥,2026-06-12,KRX KIND
003830,대한화섬,유가,2026-06-12,KRX KIND
003850,보령,유가,2026-06-12,KRX KIND
003920,남양유업,유가,2026-06-12,KRX KIND
003960,사조대림,유가,2026-06-12,KRX KIND
004000,롯데정밀화학,유가,2026-06-12,KRX KIND
004020,현대제철,유가,2026-06-12,KRX KIND
004060,SG세계물산,유가,2026-06-12,KRX KIND
004080,신흥,유가,2026-06-12,KRX KIND
004090,한국석유공업,유가,2026-06-12,KRX KIND
004100,태양금속공업,유가,2026-06-12,KRX KIND
004140,동방,유가,2026-06-12,KRX KIND
004150,한솔홀딩스,유가,2026-06-12,KRX KIND
004170,신세계,유가,2026-06-12,KRX KIND
004250,엔피씨,유가,2026-06-12,KRX KIND
004270,남성,유가,2026-06-12,KRX KIND
004310,현대약품,유가,2026-06-12,KRX KIND
004360,세방,유가,2026-06-12,KRX KIND
004370,농심,유가,2026-06-12,KRX KIND
004380,삼익THK,유가,2026-06-12,KRX KIND
004410,서울식품공업,유가,2026-06-12,KRX KIND
004430,송원산업,유가,2026-06-12,KRX KIND
004440,삼일씨엔에스,유가,2026-06-12,KRX KIND
004450,삼화왕관,유가,2026-06-12,KRX KIND
004490,세방전지,유가,2026-06-12,KRX KIND
004540,깨끗한나라,유가,2026-06-12,KRX KIND
004560,현대비앤지스틸,유가,2026-06-12,KRX KIND
004590,한국가구,코스닥,2026-06-12,KRX KIND
004650,창해에탄올,코스닥,2026-06-12,KRX KIND
004690,삼천리,유가,2026-06-12,KRX KIND
004700,조광피혁,유가,2026-06-12,KRX KIND
004710,한솔테크닉스,유가,2026-06-12,KRX KIND
004720,팜젠사이언스,유가,2026-06-12,KRX KIND
004770,써니전자,유가,2026-06-12,KRX KIND
004780,대륙제관,코스닥,2026-06-12,KRX KIND
004800,효성,유가,2026-06-12,KRX KIND
004830,덕성,유가,2026-06-12,KRX KIND
004840,DRB동일,유가,2026-06-12,KRX KIND
004870,티웨이홀딩스,유가,2026-06-12,KRX KIND
004890,동일산업,유가,2026-06-12,KRX KIND
004910,조광페인트,유가,2026-06-12,KRX KIND
004920,씨아이테크,유가,2026-06-12,KRX KIND
004960,한신공영,유가,2026-06-12,KRX KIND
004970,신라교역,유가,2026-06-12,KRX KIND
004980,성신양회,유가,2026-06-12,KRX KIND
004990,롯데지주,유가,2026-06-12,KRX KIND
005010,휴스틸,유가,2026-06-12,KRX KIND
005030,부산주공,유가,2026-06-12,KRX KIND
005070,코스모신소재,유가,2026-06-12,KRX KIND
005090,SGC에너지,유가,2026-06-12,KRX KIND
005110,한창,유가,2026-06-12,KRX KIND
005160,동국산업,코스닥,2026-06-12,KRX KIND
005180,빙그레,유가,2026-06-12,KRX KIND
005250,녹십자홀딩스,유가,2026-06-12,KRX KIND
005290,동진쎄미켐,코스닥,2026-06-12,KRX KIND
005300,롯데칠성음료,유가,2026-06-12,KRX KIND
005320,온타이드,유가,2026-06-12,KRX KIND
005360,모나미,유가,2026-06-12,KRX KIND
005420,코스모화학,유가,2026-06-12,KRX KIND
005430,한국공항,유가,2026-06-12,KRX KIND
005440,현대지에프홀딩스,유가,2026-06-12,KRX KIND
005490,POSCO홀딩스,유가,2026-06-12,KRX KIND
005500,삼진제약,유가,2026-06-12,KRX KIND
005610,삼립,유가,2026-06-12,KRX KIND
005670,푸드웰,코스닥,2026-06-12,KRX KIND
005680,삼영전자공업,유가,2026-06-12,KRX KIND
005690,파미셀,유가,2026-06-12,KRX KIND
005710,대원산업,코스닥,2026-06-12,KRX KIND
005720,넥센,유가,2026-06-12,KRX KIND
005740,크라운해태홀딩스,유가,2026-06-12,KRX KIND
005750,대림바스,유가,2026-06-12,KRX KIND
005800,신영와코루,유가,2026-06-12,KRX KIND
005810,풍산홀딩스,유가,2026-06-12,KRX KIND
005820,원림,유가,2026-06-12,KRX KIND
005830,DB손해보험,유가,2026-06-12,KRX KIND
005850,에스엘,유가,2026-06-12,KRX KIND
005860,한일사료,코스닥,2026-06-12,KRX KIND
005870,휴니드테크놀러지스,유가,2026-06-12,KRX KIND
005880,대한해운,유가,2026-06-12,KRX KIND
005940,NH투자증권,유가,2026-06-12,KRX KIND
005950,이수화학,유가,2026-06-12,KRX KIND
005960,동부건설,유가,2026-06-12,KRX KIND
005990,매일홀딩스,코스닥,2026-06-12,KRX KIND
006040,동원산업,유가,2026-06-12,KRX KIND
006050,국영지앤엠,코스닥,2026-06-12,KRX KIND
006060,화승인더스트리,유가,2026-06-12,KRX KIND
006090,사조오양,유가,2026-06-12,KRX KIND
006110,삼아알미늄,유가,2026-06-12,KRX KIND
006120,SK디스커버리,유가,2026-06-12,KRX KIND
006140,피제이전자,코스닥,2026-06-12,KRX KIND
006200,한국전자홀딩스,유가,2026-06-12,KRX KIND
006220,제주은행,유가,2026-06-12,KRX KIND
006260,LS,유가,2026-06-12,KRX KIND
006280,녹십자,유가,2026-06-12,KRX KIND
006340,대원전선,유가,2026-06-12,KRX KIND
006360,GS건설,유가,2026-06-12,KRX KIND
006370,대구백화점,유가,2026-06-12,KRX KIND
006380,카프로,유가,2026-06-12,KRX KIND
006400,삼성SDI,유가,2026-06-12,KRX KIND
006490,인스코비,유가,2026-06-12,KRX KIND
006570,대림통상,유가,2026-06-12,KRX KIND
006620,동구바이오제약,코스닥,2026-06-12,KRX KIND
006650,대한유화,유가,2026-06-12,KRX KIND
006660,삼성공조,유가,2026-06-12,KRX KIND
006730,서부T&D,코스닥,2026-06-12,KRX KIND
006740,블루산업개발,유가,2026-06-12,KRX KIND
006800,미래에셋증권,유가,2026-06-12,KRX KIND
006840,AK홀딩스,유가,2026-06-12,KRX KIND
006880,신송홀딩스,유가,2026-06-12,KRX KIND
006890,태경케미컬,유가,2026-06-12,KRX KIND
006910,보성파워텍,코스닥,2026-06-12,KRX KIND
006920,모헨즈,코스닥,2026-06-12,KRX KIND
006980,우성,유가,2026-06-12,KRX KIND
007070,GS리테일,유가,2026-06-12,KRX KIND
007110,일신석재,유가,2026-06-12,KRX KIND
007120,미래아이앤지,유가,2026-06-12,KRX KIND
007160,사조산업,유가,2026-06-12,KRX KIND
007210,벽산,유가,2026-06-12,KRX KIND
007280,한국특강,유가,2026-06-12,KRX KIND
007310,오뚜기,유가,2026-06-12,KRX KIND
007330,푸른저축은행,코스닥,2026-06-12,KRX KIND
007340,DN오토모티브,유가,2026-06-12,KRX KIND
007370,진양제약,코스닥,2026-06-12,KRX KIND
007390,네이처셀,코스닥,2026-06-12,KRX KIND
007460,에이프로젠,유가,2026-06-12,KRX KIND
007530,와이엠,코스닥,2026-06-12,KRX KIND
007540,샘표,유가,2026-06-12,KRX KIND
007570,일양약품,유가,2026-06-12,KRX KIND
007590,동방아그로,유가,2026-06-12,KRX KIND
007610,선도전기,유가,2026-06-12,KRX KIND
007660,이수페타시스,유가,2026-06-12,KRX KIND
007680,대원,코스닥,2026-06-12,KRX KIND
007690,국도화학,유가,2026-06-12,KRX KIND
007700,F&F 홀딩스,유가,2026-06-12,KRX KIND
007720,소노스퀘어,코스닥,2026-06-12,KRX KIND
007770,한일화학,코스닥,2026-06-12,KRX KIND
007810,코리아써키트,유가,2026-06-12,KRX KIND
007820,엠엑스로보틱스,코스닥,2026-06-12,KRX KIND
007860,서연,유가,2026-06-12,KRX KIND
007980,TP,유가,2026-06-12,KRX KIND
008040,사조동아원,유가,2026-06-12,KRX KIND
008060,대덕,유가,2026-06-12,KRX KIND
008250,이건산업,유가,2026-06-12,KRX KIND
008260,NI스틸,유가,2026-06-12,KRX KIND
008290,원풍물산,코스닥,2026-06-12,KRX KIND
008350,남선알미늄,유가,2026-06-12,KRX KIND
008370,원풍,코스닥,2026-06-12,KRX KIND
008420,문배철강,유가,2026-06-12,KRX KIND
008470,부스타,코스닥,2026-06-12,KRX KIND
008490,서흥,유가,2026-06-12,KRX KIND
008500,일정실업,유가,2026-06-12,KRX KIND
008600,윌비스,유가,2026-06-12,KRX KIND
008700,아남전자,유가,2026-06-12,KRX KIND
008730,율촌화학,유가,2026-06-12,KRX KIND
008770,호텔신라,유가,2026-06-12,KRX KIND
008830,대동기어,코스닥,2026-06-12,KRX KIND
008870,금비,유가,2026-06-12,KRX KIND
008930,한미사이언스,유가,2026-06-12,KRX KIND
008970,KBI동양철관,유가,2026-06-12,KRX KIND
009070,케이씨티시,유가,2026-06-12,KRX KIND
009140,경인전자,유가,2026-06-12,KRX KIND
009150,삼성전기,유가,2026-06-12,KRX KIND
009160,SIMPAC,유가,2026-06-12,KRX KIND
009180,한솔로지스틱스,유가,2026-06-12,KRX KIND
009190,대양금속,유가,2026-06-12,KRX KIND
009200,무림페이퍼,유가,2026-06-12,KRX KIND
009240,한샘,유가,2026-06-12,KRX KIND
009270,신원,유가,2026-06-12,KRX KIND
009290,광동제약,유가,2026-06-12,KRX KIND
009300,삼아제약,코스닥,2026-06-12,KRX KIND
009310,참엔지니어링,유가,2026-06-12,KRX KIND
009320,아진전자부품,유가,2026-06-12,KRX KIND
009410,태영건설,유가,2026-06-12,KRX KIND
009420,한올바이오파마,유가,2026-06-12,KRX KIND
009440,KC그린홀딩스,유가,2026-06-12,KRX KIND
009450,경동나비엔,유가,2026-06-12,KRX KIND
009460,한창제지,유가,2026-06-12,KRX KIND
009470,삼화전기,유가,2026-06-12,KRX KIND
009520,포스코엠텍,코스닥,2026-06-12,KRX KIND
009540,HD한국조선해양,유가,2026-06-12,KRX KIND
009580,무림P&P,유가,2026-06-12,KRX KIND
009620,삼보산업,코스닥,2026-06-12,KRX KIND
009680,모토닉,유가,2026-06-12,KRX KIND
009730,이렘,코스닥,2026-06-12,KRX KIND
009770,삼정펄프,유가,2026-06-12,KRX KIND
009780,엠에스씨,코스닥,2026-06-12,KRX KIND
009810,플레이그램,유가,2026-06-12,KRX KIND
009830,한화솔루션,유가,2026-06-12,KRX KIND
009900,명신산업,유가,2026-06-12,KRX KIND
009970,영원무역홀딩스,유가,2026-06-12,KRX KIND
010040,한국내화,유가,2026-06-12,KRX KIND
010060,OCI홀딩스,유가,2026-06-12,KRX KIND
010100,한국무브넥스,유가,2026-06-12,KRX KIND
010120,엘에스일렉트릭,유가,2026-06-12,KRX KIND
010130,고려아연,유가,2026-06-12,KRX KIND
010140,삼성중공업,유가,2026-06-12,KRX KIND
010170,대한광통신,코스닥,2026-06-12,KRX KIND
010240,흥국,코스닥,2026-06-12,KRX KIND
010280,아이티센엔텍,코스닥,2026-06-12,KRX KIND
010400,우진아이엔에스,유가,2026-06-12,KRX KIND
010470,오리콤,코스닥,2026-06-12,KRX KIND
010580,에스엠벡셀,유가,2026-06-12,KRX KIND
010640,진양폴리우레탄,유가,2026-06-12,KRX KIND
010660,화천기계,유가,2026-06-12,KRX KIND
010690,화신,유가,2026-06-12,KRX KIND
010770,평화홀딩스,유가,2026-06-12,KRX KIND
010780,아이에스동서,유가,2026-06-12,KRX KIND
010820,퍼스텍,유가,2026-06-12,KRX KIND
010950,S-Oil,유가,2026-06-12,KRX KIND
010960,삼호개발,유가,2026-06-12,KRX KIND
011000,진원생명과학,유가,2026-06-12,KRX KIND
011040,경동제약,코스닥,2026-06-12,KRX KIND
011070,LG이노텍,유가,2026-06-12,KRX KIND
011080,형지I&C,코스닥,2026-06-12,KRX KIND
011090,에넥스,유가,2026-06-12,KRX KIND
011150,CJ씨푸드,유가,2026-06-12,KRX KIND
011170,롯데케미칼,유가,2026-06-12,KRX KIND
011200,HMM,유가,2026-06-12,KRX KIND
011210,현대위아,유가,2026-06-12,KRX KIND
011230,삼화전자공업,유가,2026-06-12,KRX KIND
011280,태림포장,유가,2026-06-12,KRX KIND
011300,우성머티리얼스,유가,2026-06-12,KRX KIND
011320,유니크,코스닥,2026-06-12,KRX KIND
011330,유니켐,유가,2026-06-12,KRX KIND
011370,서한,코스닥,2026-06-12,KRX KIND
011390,부산산업,유가,2026-06-12,KRX KIND
011420,갤럭시아에스엠,유가,2026-06-12,KRX KIND
011500,한농화성,유가,2026-06-12,KRX KIND
011560,세보엠이씨,코스닥,2026-06-12,KRX KIND
011690,와이투솔루션,유가,2026-06-12,KRX KIND
011700,한신기계공업,유가,2026-06-12,KRX KIND
011760,현대코퍼레이션,유가,2026-06-12,KRX KIND
011780,금호석유화학,유가,2026-06-12,KRX KIND
011790,SKC,유가,2026-06-12,KRX KIND
011810,STX,유가,2026-06-12,KRX KIND
011930,신성이엔지,유가,2026-06-12,KRX KIND
012030,DB,유가,2026-06-12,KRX KIND
012160,영흥,유가,2026-06-12,KRX KIND
012170,아센디오,유가,2026-06-12,KRX KIND
012200,계양전기,유가,2026-06-12,KRX KIND
012210,삼미금속,코스닥,2026-06-12,KRX KIND
012280,영화금속,유가,2026-06-12,KRX KIND
012320,경동인베스트,유가,2026-06-12,KRX KIND
012330,현대모비스,유가,2026-06-12,KRX KIND
012340,뉴인텍,코스닥,2026-06-12,KRX KIND
012450,한화에어로스페이스,유가,2026-06-12,KRX KIND
012510,더존비즈온,유가,2026-06-12,KRX KIND
012610,경인양행,유가,2026-06-12,KRX KIND
012620,원일특강,코스닥,2026-06-12,KRX KIND
012630,HDC,유가,2026-06-12,KRX KIND
012690,모나리자,유가,2026-06-12,KRX KIND
012700,리드코프,코스닥,2026-06-12,KRX KIND
012750,에스원,유가,2026-06-12,KRX KIND
012790,신일제약,코스닥,2026-06-12,KRX KIND
012800,대창,유가,2026-06-12,KRX KIND
012860,모베이스전자,코스닥,2026-06-12,KRX KIND
013000,세우글로벌,유가,2026-06-12,KRX KIND
013030,하이록코리아,코스닥,2026-06-12,KRX KIND
013120,동원개발,코스닥,2026-06-12,KRX KIND
013310,아진산업,코스닥,2026-06-12,KRX KIND
013360,일성건설,유가,2026-06-12,KRX KIND
013520,화승코퍼레이션,유가,2026-06-12,KRX KIND
013570,디와이,유가,2026-06-12,KRX KIND
013580,계룡건설산업,유가,2026-06-12,KRX KIND
013700,까뮤이앤씨,유가,2026-06-12,KRX KIND
013720,THE CUBE&,코스닥,2026-06-12,KRX KIND
013810,스페코,코스닥,2026-06-12,KRX KIND
013870,지엠비코리아,유가,2026-06-12,KRX KIND
013890,지누스,유가,2026-06-12,KRX KIND
013990,아가방컴퍼니,코스닥,2026-06-12,KRX KIND
014100,메디앙스,코스닥,2026-06-12,KRX KIND
014130,한익스프레스,유가,2026-06-12,KRX KIND
014160,대영포장,유가,2026-06-12,KRX KIND
014190,원익큐브,코스닥,2026-06-12,KRX KIND
014280,금강공업,유가,2026-06-12,KRX KIND
014440,영보화학,유가,2026-06-12,KRX KIND
014470,부방,코스닥,2026-06-12,KRX KIND
014530,극동유화,유가,2026-06-12,KRX KIND
014570,고려제약,코스닥,2026-06-12,KRX KIND
014580,태경비케이,유가,2026-06-12,KRX KIND
014620,성광벤드,코스닥,2026-06-12,KRX KIND
014680,한솔케미칼,유가,2026-06-12,KRX KIND
014710,사조씨푸드,유가,2026-06-12,KRX KIND
014790,HL D&I,유가,2026-06-12,KRX KIND
014820,동원시스템즈,유가,2026-06-12,KRX KIND
014830,유니드,유가,2026-06-12,KRX KIND
014910,성문전자,유가,2026-06-12,KRX KIND
014940,오리엔탈정공,코스닥,2026-06-12,KRX KIND
014950,삼익제약,코스닥,2026-06-12,KRX KIND
014970,삼륭물산,코스닥,2026-06-12,KRX KIND
014990,인디에프,유가,2026-06-12,KRX KIND
015020,이스타코,유가,2026-06-12,KRX KIND
015230,대창단조,유가,2026-06-12,KRX KIND
015260,에이엔피,유가,2026-06-12,KRX KIND
015360,INVENI,유가,2026-06-12,KRX KIND
015590,DKME,유가,2026-06-12,KRX KIND
015710,코콤,코스닥,2026-06-12,KRX KIND
015750,성우하이텍,코스닥,2026-06-12,KRX KIND
015760,한국전력공사,유가,2026-06-12,KRX KIND
015860,일진홀딩스,유가,2026-06-12,KRX KIND
015890,태경산업,유가,2026-06-12,KRX KIND
016090,대현,유가,2026-06-12,KRX KIND
016100,리더스코스메틱,코스닥,2026-06-12,KRX KIND
016250,SGC E&C,코스닥,2026-06-12,KRX KIND
016360,삼성증권,유가,2026-06-12,KRX KIND
016380,KG스틸,유가,2026-06-12,KRX KIND
016450,한세예스24홀딩스,유가,2026-06-12,KRX KIND
016580,환인제약,유가,2026-06-12,KRX KIND
016590,신대양제지,유가,2026-06-12,KRX KIND
016600,큐캐피탈,코스닥,2026-06-12,KRX KIND
016610,DB증권,유가,2026-06-12,KRX KIND
016670,디모아,코스닥,2026-06-12,KRX KIND
016710,대성홀딩스,유가,2026-06-12,KRX KIND
016740,두올,유가,2026-06-12,KRX KIND
016790,현대사료,코스닥,2026-06-12,KRX KIND
016800,퍼시스,유가,2026-06-12,KRX KIND
016880,웅진,유가,2026-06-12,KRX KIND
016920,카스,코스닥,2026-06-12,KRX KIND
017000,신원종합개발,코스닥,2026-06-12,KRX KIND
017040,광명전기,유가,2026-06-12,KRX KIND
017180,명문제약,유가,2026-06-12,KRX KIND
017250,인터엠,코스닥,2026-06-12,KRX KIND
017370,우신시스템,유가,2026-06-12,KRX KIND
017390,서울도시가스,유가,2026-06-12,KRX KIND
017480,삼현철강,코스닥,2026-06-12,KRX KIND
017510,세명전기,코스닥,2026-06-12,KRX KIND
017550,수산세보틱스,유가,2026-06-12,KRX KIND
017650,대림제지,코스닥,2026-06-12,KRX KIND
017670,SK텔레콤,유가,2026-06-12,KRX KIND
017800,현대엘리베이터,유가,2026-06-12,KRX KIND
017810,풀무원,유가,2026-06-12,KRX KIND
017860,DS단석,유가,2026-06-12,KRX KIND
017890,한국알콜,코스닥,2026-06-12,KRX KIND
017900,광전자,유가,2026-06-12,KRX KIND
017940,E1,유가,2026-06-12,KRX KIND
017960,한국카본,유가,2026-06-12,KRX KIND
018000,유니슨,코스닥,2026-06-12,KRX KIND
018120,진로발효,코스닥,2026-06-12,KRX KIND
018250,애경산업,유가,2026-06-12,KRX KIND
018260,삼성에스디에스,유가,2026-06-12,KRX KIND
018290,브이티,코스닥,2026-06-12,KRX KIND
018310,삼목에스폼,코스닥,2026-06-12,KRX KIND
018470,조일알미늄,유가,2026-06-12,KRX KIND
018500,동원금속,유가,2026-06-12,KRX KIND
018620,우진비앤지,코스닥,2026-06-12,KRX KIND
018670,SK가스,유가,2026-06-12,KRX KIND
018680,서울제약,코스닥,2026-06-12,KRX KIND
018700,졸스,코스닥,2026-06-12,KRX KIND
018880,한온시스템,유가,2026-06-12,KRX KIND
019010,베뉴지,코스닥,2026-06-12,KRX KIND
019170,신풍제약,유가,2026-06-12,KRX KIND
019180,티에이치엔,유가,2026-06-12,KRX KIND
019210,와이지-원,코스닥,2026-06-12,KRX KIND
019490,엑시큐어하이트론,유가,2026-06-12,KRX KIND
019540,일지테크,코스닥,2026-06-12,KRX KIND
019550,SBI인베스트먼트,코스닥,2026-06-12,KRX KIND
019570,플루토스,코스닥,2026-06-12,KRX KIND
019660,글로본,코스닥,2026-06-12,KRX KIND
019680,대교,유가,2026-06-12,KRX KIND
019770,서연탑메탈,코스닥,2026-06-12,KRX KIND
019990,에너토크,코스닥,2026-06-12,KRX KIND
020000,한섬,유가,2026-06-12,KRX KIND
020120,키다리스튜디오,유가,2026-06-12,KRX KIND
020150,롯데에너지머티리얼즈,유가,2026-06-12,KRX KIND
020180,대신정보통신,코스닥,2026-06-12,KRX KIND
020400,대동금속,코스닥,2026-06-12,KRX KIND
020560,아시아나항공,유가,2026-06-12,KRX KIND
020710,시공테크,코스닥,2026-06-12,KRX KIND
020760,일진디스플,유가,2026-06-12,KRX KIND
021040,대호특수강,코스닥,2026-06-12,KRX KIND
021050,서원,유가,2026-06-12,KRX KIND
021080,에이티넘인베스트,코스닥,2026-06-12,KRX KIND
021240,코웨이,유가,2026-06-12,KRX KIND
021320,KCC건설,코스닥,2026-06-12,KRX KIND
021650,한국큐빅,코스닥,2026-06-12,KRX KIND
021820,세원정공,유가,2026-06-12,KRX KIND
021880,메이슨캐피탈,코스닥,2026-06-12,KRX KIND
022100,포스코DX,유가,2026-06-12,KRX KIND
022220,티케이지애강,코스닥,2026-06-12,KRX KIND
023000,삼원강재,유가,2026-06-12,KRX KIND
023150,MH에탄올,유가,2026-06-12,KRX KIND
023160,태광,코스닥,2026-06-12,KRX KIND
023350,한국종합기술,유가,2026-06-12,KRX KIND
023410,유진기업,코스닥,2026-06-12,KRX KIND
023440,제이스코홀딩스,코스닥,2026-06-12,KRX KIND
023450,동남합성,유가,2026-06-12,KRX KIND
023530,롯데쇼핑,유가,2026-06-12,KRX KIND
023590,다우기술,유가,2026-06-12,KRX KIND
023600,삼보판지,코스닥,2026-06-12,KRX KIND
023760,한국캐피탈,코스닥,2026-06-12,KRX KIND
023770,플레이위드,코스닥,2026-06-12,KRX KIND
023790,동일스틸럭스,코스닥,2026-06-12,KRX KIND
023800,인지컨트롤스,유가,2026-06-12,KRX KIND
023810,인팩,유가,2026-06-12,KRX KIND
023900,풍국주정,코스닥,2026-06-12,KRX KIND
023910,대한약품,코스닥,2026-06-12,KRX KIND
023960,에쓰씨엔지니어링,유가,2026-06-12,KRX KIND
024060,흥구석유,코스닥,2026-06-12,KRX KIND
024070,WISCOM,유가,2026-06-12,KRX KIND
024090,디씨엠,유가,2026-06-12,KRX KIND
024110,기업은행,유가,2026-06-12,KRX KIND
024120,KB오토시스,코스닥,2026-06-12,KRX KIND
024720,콜마홀딩스,유가,2026-06-12,KRX KIND
024740,한일단조,코스닥,2026-06-12,KRX KIND
024800,유성티엔에스,코스닥,2026-06-12,KRX KIND
024830,세원물산,코스닥,2026-06-12,KRX KIND
024840,KBI메탈,코스닥,2026-06-12,KRX KIND
024850,HLB이노베이션,코스닥,2026-06-12,KRX KIND
024880,케이피에프,코스닥,2026-06-12,KRX KIND
024890,대원화성,유가,2026-06-12,KRX KIND
024900,디와이덕양,유가,2026-06-12,KRX KIND
024910,경창산업,코스닥,2026-06-12,KRX KIND
024940,PN풍년,코스닥,2026-06-12,KRX KIND
024950,삼천리자전거,코스닥,2026-06-12,KRX KIND
025000,KPX케미칼,유가,2026-06-12,KRX KIND
025320,시노펙스,코스닥,2026-06-12,KRX KIND
025440,DH오토웨어,코스닥,2026-06-12,KRX KIND
025530,에스제이엠홀딩스,유가,2026-06-12,KRX KIND
025540,한국단자공업,유가,2026-06-12,KRX KIND
025550,한국선재,코스닥,2026-06-12,KRX KIND
025560,미래산업,유가,2026-06-12,KRX KIND
025620,차AI헬스케어,유가,2026-06-12,KRX KIND
025750,한솔홈데코,유가,2026-06-12,KRX KIND
025770,한국정보통신,코스닥,2026-06-12,KRX KIND
025820,이구산업,유가,2026-06-12,KRX KIND
025860,남해화학,유가,2026-06-12,KRX KIND
025870,신라에스지,코스닥,2026-06-12,KRX KIND
025880,케이씨피드,코스닥,2026-06-12,KRX KIND
025890,한국주강,유가,2026-06-12,KRX KIND
025900,동화기업,코스닥,2026-06-12,KRX KIND
025950,동신건설,코스닥,2026-06-12,KRX KIND
025980,아난티,코스닥,2026-06-12,KRX KIND
026040,제이에스티나,코스닥,2026-06-12,KRX KIND
026150,특수건설,코스닥,2026-06-12,KRX KIND
026890,스틱인베스트먼트,유가,2026-06-12,KRX KIND
026910,광진실업,코스닥,2026-06-12,KRX KIND
026940,부국철강,유가,2026-06-12,KRX KIND
026960,동서,유가,2026-06-12,KRX KIND
027040,서울전자통신,코스닥,2026-06-12,KRX KIND
027050,코리아나,코스닥,2026-06-12,KRX KIND
027360,아주IB투자,코스닥,2026-06-12,KRX KIND
027410,BGF,유가,2026-06-12,KRX KIND
027580,상보,코스닥,2026-06-12,KRX KIND
027710,팜스토리,코스닥,2026-06-12,KRX KIND
027740,마니커,유가,2026-06-12,KRX KIND
027830,대성창투,코스닥,2026-06-12,KRX KIND
027970,한국제지,유가,2026-06-12,KRX KIND
028050,삼성E&A,유가,2026-06-12,KRX KIND
028080,휴맥스홀딩스,코스닥,2026-06-12,KRX KIND
028100,동아지질,유가,2026-06-12,KRX KIND
028260,삼성물산,유가,2026-06-12,KRX KIND
028300,HLB,코스닥,2026-06-12,KRX KIND
028670,팬오션,유가,2026-06-12,KRX KIND
029460,케이씨,유가,2026-06-12,KRX KIND
029480,광무,코스닥,2026-06-12,KRX KIND
029530,신도리코,유가,2026-06-12,KRX KIND
029780,삼성카드,유가,2026-06-12,KRX KIND
030000,제일기획,유가,2026-06-12,KRX KIND
030190,NICE평가정보,유가,2026-06-12,KRX KIND
030200,케이티,유가,2026-06-12,KRX KIND
030210,다올투자증권,유가,2026-06-12,KRX KIND
030350,드래곤플라이,코스닥,2026-06-12,KRX KIND
030520,한글과컴퓨터,코스닥,2026-06-12,KRX KIND
030530,원익홀딩스,코스닥,2026-06-12,KRX KIND
030610,교보증권,유가,2026-06-12,KRX KIND
030720,동원수산,유가,2026-06-12,KRX KIND
030960,양지사,코스닥,2026-06-12,KRX KIND
031210,서울보증보험,유가,2026-06-12,KRX KIND
031310,아이즈비전,코스닥,2026-06-12,KRX KIND
031330,에스에이엠티,코스닥,2026-06-12,KRX KIND
031430,신세계인터내셔날,유가,2026-06-12,KRX KIND
031440,신세계푸드,유가,2026-06-12,KRX KIND
031510,오스템,코스닥,2026-06-12,KRX KIND
031820,아이티센씨티에스,유가,2026-06-12,KRX KIND
031860,디에이치엑스컴퍼니,코스닥,2026-06-12,KRX KIND
031980,피에스케이홀딩스,코스닥,2026-06-12,KRX KIND
032080,아즈텍WB,코스닥,2026-06-12,KRX KIND
032190,다우데이타,코스닥,2026-06-12,KRX KIND
032280,삼일,코스닥,2026-06-12,KRX KIND
032300,한국파마,코스닥,2026-06-12,KRX KIND
032350,롯데관광개발,유가,2026-06-12,KRX KIND
032500,케이엠더블유,코스닥,2026-06-12,KRX KIND
032540,TJ미디어,코스닥,2026-06-12,KRX KIND
032560,황금에스티,유가,2026-06-12,KRX KIND
032580,피델릭스,코스닥,2026-06-12,KRX KIND
032620,GC메디아이,코스닥,2026-06-12,KRX KIND
032640,LG유플러스,유가,2026-06-12,KRX KIND
032680,소프트센,코스닥,2026-06-12,KRX KIND
032750,삼진,코스닥,2026-06-12,KRX KIND
032790,엠젠솔루션,코스닥,2026-06-12,KRX KIND
032800,판타지오,코스닥,2026-06-12,KRX KIND
032820,우리기술,코스닥,2026-06-12,KRX KIND
032830,삼성생명,유가,2026-06-12,KRX KIND
032850,비트컴퓨터,코스닥,2026-06-12,KRX KIND
032860,더라미,코스닥,2026-06-12,KRX KIND
032940,원익,코스닥,2026-06-12,KRX KIND
032960,동일기연,코스닥,2026-06-12,KRX KIND
032980,바이온,코스닥,2026-06-12,KRX KIND
033050,제이엠아이,코스닥,2026-06-12,KRX KIND
033100,제룡전기,코스닥,2026-06-12,KRX KIND
033130,디지틀조선,코스닥,2026-06-12,KRX KIND
033160,엠케이전자,코스닥,2026-06-12,KRX KIND
033170,시그네틱스,코스닥,2026-06-12,KRX KIND
033200,모아텍,코스닥,2026-06-12,KRX KIND
033230,인성정보,코스닥,2026-06-12,KRX KIND
033240,자화전자,유가,2026-06-12,KRX KIND
033250,체시스,유가,2026-06-12,KRX KIND
033270,유나이티드,유가,2026-06-12,KRX KIND
033290,로젠,코스닥,2026-06-12,KRX KIND
033310,엠투엔,코스닥,2026-06-12,KRX KIND
033320,제이씨현시스템,코스닥,2026-06-12,KRX KIND
033340,좋은사람들,코스닥,2026-06-12,KRX KIND
033500,동성화인텍,코스닥,2026-06-12,KRX KIND
033530,SJG세종,유가,2026-06-12,KRX KIND
033540,파라텍,코스닥,2026-06-12,KRX KIND
033560,블루콤,코스닥,2026-06-12,KRX KIND
033640,네패스,코스닥,2026-06-12,KRX KIND
033780,케이티앤지,유가,2026-06-12,KRX KIND
033790,피노,코스닥,2026-06-12,KRX KIND
033830,티비씨,코스닥,2026-06-12,KRX KIND
033920,무학,유가,2026-06-12,KRX KIND
034020,두산에너빌리티,유가,2026-06-12,KRX KIND
034120,SBS,유가,2026-06-12,KRX KIND
034220,LG디스플레이,유가,2026-06-12,KRX KIND
034230,파라다이스,유가,2026-06-12,KRX KIND
034310,NICE,유가,2026-06-12,KRX KIND
034590,인천도시가스,유가,2026-06-12,KRX KIND
034730,SK,유가,2026-06-12,KRX KIND
034810,해성산업,코스닥,2026-06-12,KRX KIND
034830,한국토지신탁,유가,2026-06-12,KRX KIND
034940,조아제약,코스닥,2026-06-12,KRX KIND
034950,한국기업평가,코스닥,2026-06-12,KRX KIND
035000,HS애드,유가,2026-06-12,KRX KIND
035080,그래디언트,코스닥,2026-06-12,KRX KIND
035150,백산,유가,2026-06-12,KRX KIND
035200,프럼파스트,코스닥,2026-06-12,KRX KIND
035250,강원랜드,유가,2026-06-12,KRX KIND
035290,골드앤에스,코스닥,2026-06-12,KRX KIND
035460,기산텔레콤,코스닥,2026-06-12,KRX KIND
035510,신세계I&C,유가,2026-06-12,KRX KIND
035600,KG이니시스,코스닥,2026-06-12,KRX KIND
035610,솔본,코스닥,2026-06-12,KRX KIND
035620,바른손이앤에이,코스닥,2026-06-12,KRX KIND
035760,CJ ENM,코스닥,2026-06-12,KRX KIND
035810,이지홀딩스,코스닥,2026-06-12,KRX KIND
035890,서희건설,코스닥,2026-06-12,KRX KIND
035900,JYP Ent.,코스닥,2026-06-12,KRX KIND
036000,예림당,코스닥,2026-06-12,KRX KIND
036010,아비코전자,코스닥,2026-06-12,KRX KIND
036030,케이티알파,코스닥,2026-06-12,KRX KIND
036090,위지트,코스닥,2026-06-12,KRX KIND
036120,서울평가정보,코스닥,2026-06-12,KRX KIND
036170,에이치엠넥스,코스닥,2026-06-12,KRX KIND
036190,금화피에스시,코스닥,2026-06-12,KRX KIND
036200,유니셈,코스닥,2026-06-12,KRX KIND
036220,오상헬스케어,코스닥,2026-06-12,KRX KIND
036420,콘텐트리중앙,유가,2026-06-12,KRX KIND
036460,한국가스공사,유가,2026-06-12,KRX KIND
036480,대성미생물,코스닥,2026-06-12,KRX KIND
036530,SNT홀딩스,유가,2026-06-12,KRX KIND
036540,SFA반도체,코스닥,2026-06-12,KRX KIND
036560,KZ정밀,코스닥,2026-06-12,KRX KIND
036570,NC,유가,2026-06-12,KRX KIND
036580,팜스코,유가,2026-06-12,KRX KIND
036620,감성코퍼레이션,코스닥,2026-06-12,KRX KIND
036630,세종텔레콤,코스닥,2026-06-12,KRX KIND
036640,HRS,코스닥,2026-06-12,KRX KIND
036670,삼양케이씨아이,코스닥,2026-06-12,KRX KIND
036690,코맥스,코스닥,2026-06-12,KRX KIND
036710,심텍홀딩스,코스닥,2026-06-12,KRX KIND
036800,나이스정보통신,코스닥,2026-06-12,KRX KIND
036810,에프에스티,코스닥,2026-06-12,KRX KIND
036830,솔브레인홀딩스,코스닥,2026-06-12,KRX KIND
036890,진성티이씨,코스닥,2026-06-12,KRX KIND
036930,주성엔지니어링,코스닥,2026-06-12,KRX KIND
037030,파워넷,코스닥,2026-06-12,KRX KIND
037070,파세코,코스닥,2026-06-12,KRX KIND
037230,한국팩키지,코스닥,2026-06-12,KRX KIND
037270,YG PLUS,유가,2026-06-12,KRX KIND
037330,인지디스플레,코스닥,2026-06-12,KRX KIND
037350,성도이엔지,코스닥,2026-06-12,KRX KIND
037370,EG,코스닥,2026-06-12,KRX KIND
037400,우리엔터프라이즈,코스닥,2026-06-12,KRX KIND
037440,희림,코스닥,2026-06-12,KRX KIND
037460,삼지전자,코스닥,2026-06-12,KRX KIND
037560,LG헬로비전,유가,2026-06-12,KRX KIND
037710,광주신세계,유가,2026-06-12,KRX KIND
037760,쎄니트,코스닥,2026-06-12,KRX KIND
037950,엘컴텍,코스닥,2026-06-12,KRX KIND
038010,제일테크노스,코스닥,2026-06-12,KRX KIND
038060,루멘스,코스닥,2026-06-12,KRX KIND
038070,서린바이오,코스닥,2026-06-12,KRX KIND
038110,에코플라스틱,코스닥,2026-06-12,KRX KIND
038290,마크로젠,코스닥,2026-06-12,KRX KIND
038390,레드캡투어,코스닥,2026-06-12,KRX KIND
038460,바이오스마트,코스닥,2026-06-12,KRX KIND
038500,삼표시멘트,코스닥,2026-06-12,KRX KIND
038530,케이바이오랩스,코스닥,2026-06-12,KRX KIND
038540,상상인,코스닥,2026-06-12,KRX KIND
038620,위즈코프,코스닥,2026-06-12,KRX KIND
038680,에스넷,코스닥,2026-06-12,KRX KIND
038870,에코심플렉스,코스닥,2026-06-12,KRX KIND
038880,아이에이,코스닥,2026-06-12,KRX KIND
038950,파인디지털,코스닥,2026-06-12,KRX KIND
039010,현대에이치티,코스닥,2026-06-12,KRX KIND
039020,이건홀딩스,코스닥,2026-06-12,KRX KIND
039030,이오테크닉스,코스닥,2026-06-12,KRX KIND
039130,하나투어,유가,2026-06-12,KRX KIND
039200,오스코텍,코스닥,2026-06-12,KRX KIND
039240,경남스틸,코스닥,2026-06-12,KRX KIND
039290,인포뱅크,코스닥,2026-06-12,KRX KIND
039310,세중,코스닥,2026-06-12,KRX KIND
039340,한국경제TV,코스닥,2026-06-12,KRX KIND
039420,케이엘넷,코스닥,2026-06-12,KRX KIND
039440,에스티아이,코스닥,2026-06-12,KRX KIND
039490,키움증권,유가,2026-06-12,KRX KIND
039560,다산네트웍스,코스닥,2026-06-12,KRX KIND
039570,HDC랩스,유가,2026-06-12,KRX KIND
039610,화성밸브,코스닥,2026-06-12,KRX KIND
039740,한국정보공학,코스닥,2026-06-12,KRX KIND
039830,오로라,코스닥,2026-06-12,KRX KIND
039840,디오,코스닥,2026-06-12,KRX KIND
039860,나노엔텍,코스닥,2026-06-12,KRX KIND
039980,폴라리스AI,코스닥,2026-06-12,KRX KIND
040160,누리플렉스,코스닥,2026-06-12,KRX KIND
040300,YTN,코스닥,2026-06-12,KRX KIND
040350,크레오에스지,코스닥,2026-06-12,KRX KIND
040420,정상제이엘에스,코스닥,2026-06-12,KRX KIND
040610,SG&G,코스닥,2026-06-12,KRX KIND
040910,아이씨디,코스닥,2026-06-12,KRX KIND
041020,폴라리스오피스,코스닥,2026-06-12,KRX KIND
041190,우리기술투자,코스닥,2026-06-12,KRX KIND
041440,현대에버다임,코스닥,2026-06-12,KRX KIND
041460,한국전자인증,코스닥,2026-06-12,KRX KIND
041510,에스엠,코스닥,2026-06-12,KRX KIND
041520,이엘씨,코스닥,2026-06-12,KRX KIND
041590,플래스크,코스닥,2026-06-12,KRX KIND
041650,상신브레이크,유가,2026-06-12,KRX KIND
041830,인바디,코스닥,2026-06-12,KRX KIND
041910,폴라리스AI파마,코스닥,2026-06-12,KRX KIND
041920,메디아나,코스닥,2026-06-12,KRX KIND
041930,SY동아,코스닥,2026-06-12,KRX KIND
041960,코미팜,코스닥,2026-06-12,KRX KIND
042000,카페24,코스닥,2026-06-12,KRX KIND
042040,케이피엠테크,코스닥,2026-06-12,KRX KIND
042110,에스씨디,코스닥,2026-06-12,KRX KIND
042370,비츠로테크,코스닥,2026-06-12,KRX KIND
042420,네오위즈홀딩스,코스닥,2026-06-12,KRX KIND
042500,링네트,코스닥,2026-06-12,KRX KIND
042510,라온시큐어,코스닥,2026-06-12,KRX KIND
042520,한스바이오메드,코스닥,2026-06-12,KRX KIND
042600,새로닉스,코스닥,2026-06-12,KRX KIND
042660,한화오션,유가,2026-06-12,KRX KIND
042700,한미반도체,유가,2026-06-12,KRX KIND
042940,상지건설,코스닥,2026-06-12,KRX KIND
043090,더테크놀로지,코스닥,2026-06-12,KRX KIND
043100,알파AI,코스닥,2026-06-12,KRX KIND
043150,바텍,코스닥,2026-06-12,KRX KIND
043200,파루,코스닥,2026-06-12,KRX KIND
043220,티에스넥스젠,코스닥,2026-06-12,KRX KIND
043260,성호전자,코스닥,2026-06-12,KRX KIND
043340,에쎈테크,코스닥,2026-06-12,KRX KIND
043360,디지아이,코스닥,2026-06-12,KRX KIND
043370,피에이치에이,코스닥,2026-06-12,KRX KIND
043590,웰킵스하이텍,코스닥,2026-06-12,KRX KIND
043610,KT지니뮤직,코스닥,2026-06-12,KRX KIND
043650,국순당,코스닥,2026-06-12,KRX KIND
043710,코스리거글로벌,코스닥,2026-06-12,KRX KIND
043910,자연과환경,코스닥,2026-06-12,KRX KIND
044180,KD,코스닥,2026-06-12,KRX KIND
044340,위닉스,코스닥,2026-06-12,KRX KIND
044380,주연테크,유가,2026-06-12,KRX KIND
044450,KSS해운,유가,2026-06-12,KRX KIND
044480,빌리언스,코스닥,2026-06-12,KRX KIND
044490,태웅,코스닥,2026-06-12,KRX KIND
044780,에이치케이,코스닥,2026-06-12,KRX KIND
044820,코스맥스비티아이,유가,2026-06-12,KRX KIND
044960,이글벳,코스닥,2026-06-12,KRX KIND
044990,에이치엔에스하이텍,코스닥,2026-06-12,KRX KIND
045060,오공,코스닥,2026-06-12,KRX KIND
045100,한양이엔지,코스닥,2026-06-12,KRX KIND
045300,성우테크론,코스닥,2026-06-12,KRX KIND
045340,토탈소프트,코스닥,2026-06-12,KRX KIND
045390,대아티아이,코스닥,2026-06-12,KRX KIND
045510,정원엔시스,코스닥,2026-06-12,KRX KIND
045520,크린앤사이언스,코스닥,2026-06-12,KRX KIND
045660,에이텍,코스닥,2026-06-12,KRX KIND
045970,코아시아,코스닥,2026-06-12,KRX KIND
046070,코다코,코스닥,2026-06-12,KRX KIND
046120,오르비텍,코스닥,2026-06-12,KRX KIND
046210,HLB파나진,코스닥,2026-06-12,KRX KIND
046310,백금T&A,코스닥,2026-06-12,KRX KIND
046390,삼화네트웍스,코스닥,2026-06-12,KRX KIND
046440,KG파이낸셜,코스닥,2026-06-12,KRX KIND
046890,서울반도체,코스닥,2026-06-12,KRX KIND
046940,우원개발,코스닥,2026-06-12,KRX KIND
046970,우리로,코스닥,2026-06-12,KRX KIND
047040,대우건설,유가,2026-06-12,KRX KIND
047050,포스코인터내셔널,유가,2026-06-12,KRX KIND
047080,한빛소프트,코스닥,2026-06-12,KRX KIND
047310,파워로직스,코스닥,2026-06-12,KRX KIND
047400,유니온머티리얼,유가,2026-06-12,KRX KIND
047560,이스트소프트,코스닥,2026-06-12,KRX KIND
047770,코데즈컴바인,코스닥,2026-06-12,KRX KIND
047810,한국항공우주,유가,2026-06-12,KRX KIND
047820,초록뱀미디어,코스닥,2026-06-12,KRX KIND
047920,HLB제약,코스닥,2026-06-12,KRX KIND
048410,현대바이오,코스닥,2026-06-12,KRX KIND
048430,유라테크,코스닥,2026-06-12,KRX KIND
048470,대동스틸,코스닥,2026-06-12,KRX KIND
048530,인트론바이오,코스닥,2026-06-12,KRX KIND
048550,SM C&C,코스닥,2026-06-12,KRX KIND
048770,TPC로보틱스,코스닥,2026-06-12,KRX KIND
048830,엔피케이,코스닥,2026-06-12,KRX KIND
048870,시너지이노베이션,코스닥,2026-06-12,KRX KIND
048910,대원미디어,코스닥,2026-06-12,KRX KIND
049070,인탑스,코스닥,2026-06-12,KRX KIND
049080,기가레인,코스닥,2026-06-12,KRX KIND
049120,파인디앤씨,코스닥,2026-06-12,KRX KIND
049180,셀루메드,코스닥,2026-06-12,KRX KIND
049430,코메론,코스닥,2026-06-12,KRX KIND
049470,비트플래닛,코스닥,2026-06-12,KRX KIND
049480,오픈베이스,코스닥,2026-06-12,KRX KIND
049520,유아이엘,코스닥,2026-06-12,KRX KIND
049550,잉크테크,코스닥,2026-06-12,KRX KIND
049630,재영솔루텍,코스닥,2026-06-12,KRX KIND
049720,고려신용정보,코스닥,2026-06-12,KRX KIND
049800,우진플라임,유가,2026-06-12,KRX KIND
049830,승일,코스닥,2026-06-12,KRX KIND
049950,미래컴퍼니,코스닥,2026-06-12,KRX KIND
049960,쎌바이오텍,코스닥,2026-06-12,KRX KIND
050090,비케이홀딩스,코스닥,2026-06-12,KRX KIND
050110,캠시스,코스닥,2026-06-12,KRX KIND
050120,ES큐브,코스닥,2026-06-12,KRX KIND
050760,에스폴리텍,코스닥,2026-06-12,KRX KIND
050860,아세아텍,코스닥,2026-06-12,KRX KIND
050890,쏠리드,코스닥,2026-06-12,KRX KIND
050960,수산아이앤티,코스닥,2026-06-12,KRX KIND
051160,지어소프트,코스닥,2026-06-12,KRX KIND
051360,토비스,코스닥,2026-06-12,KRX KIND
051370,인터플렉스,코스닥,2026-06-12,KRX KIND
051380,피씨디렉트,코스닥,2026-06-12,KRX KIND
051390,YW,코스닥,2026-06-12,KRX KIND
051490,나라엠앤디,코스닥,2026-06-12,KRX KIND
051500,CJ프레시웨이,코스닥,2026-06-12,KRX KIND
051600,한전KPS,유가,2026-06-12,KRX KIND
051630,진양화학,유가,2026-06-12,KRX KIND
051780,큐로홀딩스,코스닥,2026-06-12,KRX KIND
051900,LG생활건강,유가,2026-06-12,KRX KIND
051980,중앙첨단소재,코스닥,2026-06-12,KRX KIND
052020,에스티큐브,코스닥,2026-06-12,KRX KIND
052220,iMBC,코스닥,2026-06-12,KRX KIND
052260,현대바이오랜드,코스닥,2026-06-12,KRX KIND
052300,오션인더블유,코스닥,2026-06-12,KRX KIND
052330,코텍,코스닥,2026-06-12,KRX KIND
052400,코나아이,코스닥,2026-06-12,KRX KIND
052420,오성첨단소재,코스닥,2026-06-12,KRX KIND
052460,아이크래프트,코스닥,2026-06-12,KRX KIND
052600,한네트,코스닥,2026-06-12,KRX KIND
052690,한전기술,유가,2026-06-12,KRX KIND
052710,아모텍,코스닥,2026-06-12,KRX KIND
052770,아이톡시,코스닥,2026-06-12,KRX KIND
052790,액토즈소프트,코스닥,2026-06-12,KRX KIND
052860,아이앤씨,코스닥,2026-06-12,KRX KIND
052900,KX하이텍,코스닥,2026-06-12,KRX KIND
053030,바이넥스,코스닥,2026-06-12,KRX KIND
053050,지에스이,코스닥,2026-06-12,KRX KIND
053060,세동,코스닥,2026-06-12,KRX KIND
053080,케이엔솔,코스닥,2026-06-12,KRX KIND
053160,프리엠스,코스닥,2026-06-12,KRX KIND
053210,케이티스카이라이프,유가,2026-06-12,KRX KIND
053260,금강철강,코스닥,2026-06-12,KRX KIND
053270,구영테크,코스닥,2026-06-12,KRX KIND
053280,예스24,코스닥,2026-06-12,KRX KIND
053290,NE능률,코스닥,2026-06-12,KRX KIND
053300,한국정보인증,코스닥,2026-06-12,KRX KIND
053350,이니텍,코스닥,2026-06-12,KRX KIND
053450,세코닉스,코스닥,2026-06-12,KRX KIND
053580,웹케시,코스닥,2026-06-12,KRX KIND
053610,프로텍,코스닥,2026-06-12,KRX KIND
053620,태양,코스닥,2026-06-12,KRX KIND
053690,한미글로벌,유가,2026-06-12,KRX KIND
053700,삼보모터스,코스닥,2026-06-12,KRX KIND
053800,안랩,코스닥,2026-06-12,KRX KIND
053950,경남제약,코스닥,2026-06-12,KRX KIND
053980,오상자이엘,코스닥,2026-06-12,KRX KIND
054040,한국컴퓨터,코스닥,2026-06-12,KRX KIND
054050,NH농우바이오,코스닥,2026-06-12,KRX KIND
054090,삼진엘앤디,코스닥,2026-06-12,KRX KIND
054180,메디콕스,코스닥,2026-06-12,KRX KIND
054210,이랜텍,코스닥,2026-06-12,KRX KIND
054220,비츠로시스,코스닥,2026-06-12,KRX KIND
054300,팬스타엔터프라이즈,코스닥,2026-06-12,KRX KIND
054410,케이피티유,코스닥,2026-06-12,KRX KIND
054450,텔레칩스,코스닥,2026-06-12,KRX KIND
054540,삼영엠텍,코스닥,2026-06-12,KRX KIND
054620,APS,코스닥,2026-06-12,KRX KIND
054670,대한뉴팜,코스닥,2026-06-12,KRX KIND
054780,키이스트,코스닥,2026-06-12,KRX KIND
054800,아이디스홀딩스,코스닥,2026-06-12,KRX KIND
054920,한컴위드,코스닥,2026-06-12,KRX KIND
054930,유신,코스닥,2026-06-12,KRX KIND
054940,엑사이엔씨,코스닥,2026-06-12,KRX KIND
054950,제이브이엠,코스닥,2026-06-12,KRX KIND
055490,테이팩스,유가,2026-06-12,KRX KIND
055550,신한지주,유가,2026-06-12,KRX KIND
056080,유진로봇,코스닥,2026-06-12,KRX KIND
056090,시지메드텍,코스닥,2026-06-12,KRX KIND
056190,에스에프에이,코스닥,2026-06-12,KRX KIND
056360,코위버,코스닥,2026-06-12,KRX KIND
056700,신화인터텍,코스닥,2026-06-12,KRX KIND
056730,CNT85,코스닥,2026-06-12,KRX KIND
057030,YBM넷,코스닥,2026-06-12,KRX KIND
057050,현대홈쇼핑,유가,2026-06-12,KRX KIND
057540,옴니시스템,코스닥,2026-06-12,KRX KIND
057680,티사이언티픽,코스닥,2026-06-12,KRX KIND
058110,멕아이씨에스,코스닥,2026-06-12,KRX KIND
058400,KNN,코스닥,2026-06-12,KRX KIND
058430,포스코스틸리온,유가,2026-06-12,KRX KIND
058450,한주에이알티,코스닥,2026-06-12,KRX KIND
058470,리노공업,코스닥,2026-06-12,KRX KIND
058610,에스피지,코스닥,2026-06-12,KRX KIND
058630,엠게임,코스닥,2026-06-12,KRX KIND
058650,세아홀딩스,유가,2026-06-12,KRX KIND
058730,다스코,유가,2026-06-12,KRX KIND
058820,CMG제약,코스닥,2026-06-12,KRX KIND
058850,KTcs,유가,2026-06-12,KRX KIND
058860,KTis,유가,2026-06-12,KRX KIND
058970,엠로,코스닥,2026-06-12,KRX KIND
059090,미코,코스닥,2026-06-12,KRX KIND
059100,아이컴포넌트,코스닥,2026-06-12,KRX KIND
059120,아진엑스텍,코스닥,2026-06-12,KRX KIND
059210,메타바이오메드,코스닥,2026-06-12,KRX KIND
059270,해성에어로보틱스,코스닥,2026-06-12,KRX KIND
060150,인선이엔티,코스닥,2026-06-12,KRX KIND
060230,제이케이시냅스,코스닥,2026-06-12,KRX KIND
060240,스타코링크,코스닥,2026-06-12,KRX KIND
060250,NHN KCP,코스닥,2026-06-12,KRX KIND
060260,뉴보텍,코스닥,2026-06-12,KRX KIND
060280,큐렉소,코스닥,2026-06-12,KRX KIND
060310,3S,코스닥,2026-06-12,KRX KIND
060370,LS마린솔루션,코스닥,2026-06-12,KRX KIND
060380,동양에스텍,코스닥,2026-06-12,KRX KIND
060480,국일신동,코스닥,2026-06-12,KRX KIND
060540,에스에이티,코스닥,2026-06-12,KRX KIND
060560,HC홈센타,코스닥,2026-06-12,KRX KIND
060570,드림어스컴퍼니,코스닥,2026-06-12,KRX KIND
060590,씨티씨바이오,코스닥,2026-06-12,KRX KIND
060720,KH바텍,코스닥,2026-06-12,KRX KIND
060850,영림원소프트랩,코스닥,2026-06-12,KRX KIND
060900,에이전트AI,코스닥,2026-06-12,KRX KIND
060980,HL홀딩스,유가,2026-06-12,KRX KIND
061040,알에프텍,코스닥,2026-06-12,KRX KIND
061090,세나테크놀로지,코스닥,2026-06-12,KRX KIND
061250,화일약품,코스닥,2026-06-12,KRX KIND
061970,LB세미콘,코스닥,2026-06-12,KRX KIND
062040,산일전기,유가,2026-06-12,KRX KIND
062970,한국첨단소재,코스닥,2026-06-12,KRX KIND
063080,컴투스홀딩스,코스닥,2026-06-12,KRX KIND
063160,종근당바이오,유가,2026-06-12,KRX KIND
063170,서울옥션,코스닥,2026-06-12,KRX KIND
063440,SM Life Design,코스닥,2026-06-12,KRX KIND
063570,NICE인프라,코스닥,2026-06-12,KRX KIND
063760,이엘피,코스닥,2026-06-12,KRX KIND
064090,인크레더블버즈,코스닥,2026-06-12,KRX KIND
064240,홈캐스트,코스닥,2026-06-12,KRX KIND
064260,다날,코스닥,2026-06-12,KRX KIND
064290,인텍플러스,코스닥,2026-06-12,KRX KIND
064350,현대로템,유가,2026-06-12,KRX KIND
064400,LG씨엔에스,유가,2026-06-12,KRX KIND
064480,브리지텍,코스닥,2026-06-12,KRX KIND
064520,테크엘,코스닥,2026-06-12,KRX KIND
064550,바이오니아,코스닥,2026-06-12,KRX KIND
064760,티씨케이,코스닥,2026-06-12,KRX KIND
064800,포니링크,코스닥,2026-06-12,KRX KIND
064820,케이프,코스닥,2026-06-12,KRX KIND
064850,에프앤가이드,코스닥,2026-06-12,KRX KIND
064960,SNT모티브,유가,2026-06-12,KRX KIND
065060,지엔코,코스닥,2026-06-12,KRX KIND
065130,탑엔지니어링,코스닥,2026-06-12,KRX KIND
065150,대산F&B,코스닥,2026-06-12,KRX KIND
065170,비엘팜텍,코스닥,2026-06-12,KRX KIND
065350,신성델타테크,코스닥,2026-06-12,KRX KIND
065370,위세아이텍,코스닥,2026-06-12,KRX KIND
065420,에스아이리소스,코스닥,2026-06-12,KRX KIND
065440,이루온,코스닥,2026-06-12,KRX KIND
065450,빅텍,코스닥,2026-06-12,KRX KIND
065500,오리엔트정공,코스닥,2026-06-12,KRX KIND
065510,휴비츠,코스닥,2026-06-12,KRX KIND
065530,와이어블,코스닥,2026-06-12,KRX KIND
065570,삼영이엔씨,코스닥,2026-06-12,KRX KIND
065650,하이퍼코퍼레이션,코스닥,2026-06-12,KRX KIND
065660,안트로젠,코스닥,2026-06-12,KRX KIND
065680,우주일렉트로,코스닥,2026-06-12,KRX KIND
065690,파커스,코스닥,2026-06-12,KRX KIND
065710,서호전기,코스닥,2026-06-12,KRX KIND
065770,CS,코스닥,2026-06-12,KRX KIND
065950,웰크론,코스닥,2026-06-12,KRX KIND
066130,하츠,코스닥,2026-06-12,KRX KIND
066310,큐에스아이,코스닥,2026-06-12,KRX KIND
066360,체리부로,코스닥,2026-06-12,KRX KIND
066410,버킷스튜디오,코스닥,2026-06-12,KRX KIND
066430,아이로보틱스,코스닥,2026-06-12,KRX KIND
066570,LG전자,유가,2026-06-12,KRX KIND
066590,스모트로닉,코스닥,2026-06-12,KRX KIND
066620,국보디자인,코스닥,2026-06-12,KRX KIND
066670,디티씨,코스닥,2026-06-12,KRX KIND
066700,테라젠이텍스,코스닥,2026-06-12,KRX KIND
066790,씨씨에스,코스닥,2026-06-12,KRX KIND
066900,디에이피,코스닥,2026-06-12,KRX KIND
066910,손오공,코스닥,2026-06-12,KRX KIND
066970,엘앤에프,유가,2026-06-12,KRX KIND
066980,한성크린텍,코스닥,2026-06-12,KRX KIND
067000,조이시티,코스닥,2026-06-12,KRX KIND
067010,이씨에스,코스닥,2026-06-12,KRX KIND
067080,대화제약,코스닥,2026-06-12,KRX KIND
067160,SOOP,코스닥,2026-06-12,KRX KIND
067170,오텍,코스닥,2026-06-12,KRX KIND
067280,멀티캠퍼스,코스닥,2026-06-12,KRX KIND
067290,JW신약,코스닥,2026-06-12,KRX KIND
067310,하나마이크론,코스닥,2026-06-12,KRX KIND
067370,선바이오,코스닥,2026-06-12,KRX KIND
067390,아스트,코스닥,2026-06-12,KRX KIND
067570,엔브이에이치코리아,코스닥,2026-06-12,KRX KIND
067630,HLB생명과학,코스닥,2026-06-12,KRX KIND
067730,로지시스,코스닥,2026-06-12,KRX KIND
067770,세진티에스,코스닥,2026-06-12,KRX KIND
067830,세이브존I&C,유가,2026-06-12,KRX KIND
067900,와이엔텍,코스닥,2026-06-12,KRX KIND
067920,이글루,코스닥,2026-06-12,KRX KIND
067990,도이치모터스,코스닥,2026-06-12,KRX KIND
068050,팬엔터테인먼트,코스닥,2026-06-12,KRX KIND
068100,케이웨더,코스닥,2026-06-12,KRX KIND
068240,다원시스,코스닥,2026-06-12,KRX KIND
068290,삼성출판사,유가,2026-06-12,KRX KIND
068330,일신바이오,코스닥,2026-06-12,KRX KIND
068760,셀트리온제약,코스닥,2026-06-12,KRX KIND
068790,DMS,코스닥,2026-06-12,KRX KIND
068930,디지털대성,코스닥,2026-06-12,KRX KIND
068940,셀피글로벌,코스닥,2026-06-12,KRX KIND
069080,웹젠,코스닥,2026-06-12,KRX KIND
069140,누리플랜,코스닥,2026-06-12,KRX KIND
069260,티케이지휴켐스,유가,2026-06-12,KRX KIND
069330,유아이디,코스닥,2026-06-12,KRX KIND
069410,엔텔스,코스닥,2026-06-12,KRX KIND
069460,대호에이엘,유가,2026-06-12,KRX KIND
069510,에스텍,코스닥,2026-06-12,KRX KIND
069540,빛과전자,코스닥,2026-06-12,KRX KIND
069620,대웅제약,유가,2026-06-12,KRX KIND
069640,한세엠케이,유가,2026-06-12,KRX KIND
069730,DSR제강,유가,2026-06-12,KRX KIND
069920,엑시온그룹,코스닥,2026-06-12,KRX KIND
069960,현대백화점,유가,2026-06-12,KRX KIND
070300,엑스큐어,코스닥,2026-06-12,KRX KIND
070590,인티큐브,코스닥,2026-06-12,KRX KIND
070960,모나용평,유가,2026-06-12,KRX KIND
071050,한국금융지주,유가,2026-06-12,KRX KIND
071090,하이스틸,유가,2026-06-12,KRX KIND
071200,인피니트헬스케어,코스닥,2026-06-12,KRX KIND
071280,로체시스템즈,코스닥,2026-06-12,KRX KIND
071320,지역난방공사,유가,2026-06-12,KRX KIND
071670,에이테크솔루션,코스닥,2026-06-12,KRX KIND
071840,롯데하이마트,유가,2026-06-12,KRX KIND
071850,캐스텍코리아,코스닥,2026-06-12,KRX KIND
071950,코아스,유가,2026-06-12,KRX KIND
071970,HD현대마린엔진,유가,2026-06-12,KRX KIND
072020,중앙백신,코스닥,2026-06-12,KRX KIND
072130,유엔젤,유가,2026-06-12,KRX KIND
072470,우리산업홀딩스,코스닥,2026-06-12,KRX KIND
072710,농심홀딩스,유가,2026-06-12,KRX KIND
072770,멤레이비티,코스닥,2026-06-12,KRX KIND
072870,메가스터디,코스닥,2026-06-12,KRX KIND
072950,빛샘전자,코스닥,2026-06-12,KRX KIND
072990,에이치시티,코스닥,2026-06-12,KRX KIND
073010,케이에스피,코스닥,2026-06-12,KRX KIND
073110,엘엠에스,코스닥,2026-06-12,KRX KIND
073190,듀오백,코스닥,2026-06-12,KRX KIND
073240,금호타이어,유가,2026-06-12,KRX KIND
073490,LIG아큐버,코스닥,2026-06-12,KRX KIND
073540,에프알텍,코스닥,2026-06-12,KRX KIND
073560,우리손에프앤지,코스닥,2026-06-12,KRX KIND
073570,리튬포어스,코스닥,2026-06-12,KRX KIND
073640,테라사이언스,코스닥,2026-06-12,KRX KIND
074430,아미노로직스,코스닥,2026-06-12,KRX KIND
074600,원익QnC,코스닥,2026-06-12,KRX KIND
074610,이엔플러스,유가,2026-06-12,KRX KIND
075130,플랜티넷,코스닥,2026-06-12,KRX KIND
075180,새론오토모티브,유가,2026-06-12,KRX KIND
075580,세진중공업,유가,2026-06-12,KRX KIND
075970,동국알앤에스,코스닥,2026-06-12,KRX KIND
076080,웰크론한텍,코스닥,2026-06-12,KRX KIND
076610,해성옵틱스,코스닥,2026-06-12,KRX KIND
077360,덕산하이메탈,코스닥,2026-06-12,KRX KIND
077500,유니퀘스트,유가,2026-06-12,KRX KIND
077970,STX엔진,유가,2026-06-12,KRX KIND
078000,텔코웨어,유가,2026-06-12,KRX KIND
078020,LS증권,코스닥,2026-06-12,KRX KIND
078070,유비쿼스홀딩스,코스닥,2026-06-12,KRX KIND
078130,국일제지,코스닥,2026-06-12,KRX KIND
078140,대봉엘에스,코스닥,2026-06-12,KRX KIND
078150,HB테크놀러지,코스닥,2026-06-12,KRX KIND
078160,메디포스트,코스닥,2026-06-12,KRX KIND
078340,컴투스,코스닥,2026-06-12,KRX KIND
078350,한양디지텍,코스닥,2026-06-12,KRX KIND
078520,에이블씨엔씨,유가,2026-06-12,KRX KIND
078590,휴림에이텍,코스닥,2026-06-12,KRX KIND
078600,대주전자재료,코스닥,2026-06-12,KRX KIND
078860,아이오케이이엔엠,코스닥,2026-06-12,KRX KIND
078890,가온그룹,코스닥,2026-06-12,KRX KIND
078930,GS,유가,2026-06-12,KRX KIND
079000,와토스코리아,코스닥,2026-06-12,KRX KIND
079160,CJ CGV,유가,2026-06-12,KRX KIND
079170,한창산업,코스닥,2026-06-12,KRX KIND
079190,케스피온,코스닥,2026-06-12,KRX KIND
079370,제우스,코스닥,2026-06-12,KRX KIND
079430,현대리바트,유가,2026-06-12,KRX KIND
079550,LIG디펜스앤에어로스페이스,유가,2026-06-12,KRX KIND
079650,서산,코스닥,2026-06-12,KRX KIND
079810,APS이노베이션,코스닥,2026-06-12,KRX KIND
079900,전진건설로봇,유가,2026-06-12,KRX KIND
079940,가비아,코스닥,2026-06-12,KRX KIND
079950,인베니아,코스닥,2026-06-12,KRX KIND
079960,동양이엔피,코스닥,2026-06-12,KRX KIND
079970,투비소프트,코스닥,2026-06-12,KRX KIND
079980,휴비스,유가,2026-06-12,KRX KIND
080010,이상네트웍스,코스닥,2026-06-12,KRX KIND
080160,모두투어,코스닥,2026-06-12,KRX KIND
080220,제주반도체,코스닥,2026-06-12,KRX KIND
080420,모다이노칩,코스닥,2026-06-12,KRX KIND
080470,성창오토텍,코스닥,2026-06-12,KRX KIND
080520,오디텍,코스닥,2026-06-12,KRX KIND
080530,코디,코스닥,2026-06-12,KRX KIND
080580,오킨스전자,코스닥,2026-06-12,KRX KIND
080720,한국유니온제약,코스닥,2026-06-12,KRX KIND
081000,일진다이아,유가,2026-06-12,KRX KIND
081150,티플랙스,코스닥,2026-06-12,KRX KIND
081180,쎄크,코스닥,2026-06-12,KRX KIND
081580,성우전자,코스닥,2026-06-12,KRX KIND
081660,미스토홀딩스,유가,2026-06-12,KRX KIND
082210,옵트론텍,코스닥,2026-06-12,KRX KIND
082270,젬백스,코스닥,2026-06-12,KRX KIND
082640,동양생명,유가,2026-06-12,KRX KIND
082660,코스나인,코스닥,2026-06-12,KRX KIND
082740,한화엔진,유가,2026-06-12,KRX KIND
082800,비보존 제약,코스닥,2026-06-12,KRX KIND
082850,우리바이오,코스닥,2026-06-12,KRX KIND
082920,비츠로셀,코스닥,2026-06-12,KRX KIND
083310,엘오티베큠,코스닥,2026-06-12,KRX KIND
083420,그린케미칼,유가,2026-06-12,KRX KIND
083450,GST,코스닥,2026-06-12,KRX KIND
083470,이엠앤아이,코스닥,2026-06-12,KRX KIND
083500,에프엔에스테크,코스닥,2026-06-12,KRX KIND
083550,케이엠,코스닥,2026-06-12,KRX KIND
083640,인콘,코스닥,2026-06-12,KRX KIND
083650,비에이치아이,코스닥,2026-06-12,KRX KIND
083660,CSA 코스믹,코스닥,2026-06-12,KRX KIND
083790,CG인바이츠,코스닥,2026-06-12,KRX KIND
083930,아바코,코스닥,2026-06-12,KRX KIND
084010,대한제강,유가,2026-06-12,KRX KIND
084110,휴온스글로벌,코스닥,2026-06-12,KRX KIND
084180,수성웹툰,코스닥,2026-06-12,KRX KIND
084370,유진테크,코스닥,2026-06-12,KRX KIND
084440,유비온,코스닥,2026-06-12,KRX KIND
084650,랩지노믹스,코스닥,2026-06-12,KRX KIND
084670,동양고속,유가,2026-06-12,KRX KIND
084680,이월드,유가,2026-06-12,KRX KIND
084690,대상홀딩스,유가,2026-06-12,KRX KIND
084730,팅크웨어,코스닥,2026-06-12,KRX KIND
084850,아이티엠반도체,코스닥,2026-06-12,KRX KIND
084870,티비에이치글로벌,유가,2026-06-12,KRX KIND
084990,헬릭스미스,코스닥,2026-06-12,KRX KIND
085310,엔케이,유가,2026-06-12,KRX KIND
085620,미래에셋생명,유가,2026-06-12,KRX KIND
085660,차바이오텍,코스닥,2026-06-12,KRX KIND
085670,뉴프렉스,코스닥,2026-06-12,KRX KIND
085810,알티캐스트,코스닥,2026-06-12,KRX KIND
085910,네오티스,코스닥,2026-06-12,KRX KIND
086040,바이오톡스텍,코스닥,2026-06-12,KRX KIND
086060,진바이오텍,코스닥,2026-06-12,KRX KIND
086280,현대글로비스,유가,2026-06-12,KRX KIND
086390,유니테스트,코스닥,2026-06-12,KRX KIND
086450,동국제약,코스닥,2026-06-12,KRX KIND
086520,에코프로,코스닥,2026-06-12,KRX KIND
086670,비엠티,코스닥,2026-06-12,KRX KIND
086710,선진뷰티사이언스,코스닥,2026-06-12,KRX KIND
086790,하나금융지주,유가,2026-06-12,KRX KIND
086820,바이오솔루션,코스닥,2026-06-12,KRX KIND
086890,이수앱지스,코스닥,2026-06-12,KRX KIND
086900,메디톡스,코스닥,2026-06-12,KRX KIND
086960,MDS테크,코스닥,2026-06-12,KRX KIND
086980,쇼박스,코스닥,2026-06-12,KRX KIND
087010,펩트론,코스닥,2026-06-12,KRX KIND
087260,모바일어플라이언스,코스닥,2026-06-12,KRX KIND
087600,픽셀플러스,코스닥,2026-06-12,KRX KIND
088130,동아엘텍,코스닥,2026-06-12,KRX KIND
088260,이리츠코크렙,유가,2026-06-12,KRX KIND
088280,쏘닉스,코스닥,2026-06-12,KRX KIND
088290,이원컴포텍,코스닥,2026-06-12,KRX KIND
088340,유라클,코스닥,2026-06-12,KRX KIND
088350,한화생명,유가,2026-06-12,KRX KIND
088390,이녹스,코스닥,2026-06-12,KRX KIND
088790,진도,유가,2026-06-12,KRX KIND
088800,에이스테크,코스닥,2026-06-12,KRX KIND
088910,동우팜투테이블,코스닥,2026-06-12,KRX KIND
088980,맥쿼리인프라,유가,2026-06-12,KRX KIND
089010,켐트로닉스,코스닥,2026-06-12,KRX KIND
089030,테크윙,코스닥,2026-06-12,KRX KIND
089140,넥스턴앤롤코리아,코스닥,2026-06-12,KRX KIND
089150,케이씨티,코스닥,2026-06-12,KRX KIND
089230,THE E&M,코스닥,2026-06-12,KRX KIND
089470,HDC현대EP,유가,2026-06-12,KRX KIND
089590,제주항공,유가,2026-06-12,KRX KIND
089600,KT나스미디어,코스닥,2026-06-12,KRX KIND
089790,제이티,코스닥,2026-06-12,KRX KIND
089850,유비벨록스,코스닥,2026-06-12,KRX KIND
089860,롯데렌탈,유가,2026-06-12,KRX KIND
089890,코세스,코스닥,2026-06-12,KRX KIND
089970,브이엠,코스닥,2026-06-12,KRX KIND
089980,상아프론테크,코스닥,2026-06-12,KRX KIND
090080,평화산업,유가,2026-06-12,KRX KIND
090150,아이윈,코스닥,2026-06-12,KRX KIND
090350,노루페인트,유가,2026-06-12,KRX KIND
090360,로보스타,코스닥,2026-06-12,KRX KIND
090370,메타랩스,유가,2026-06-12,KRX KIND
090410,덕신이피씨,코스닥,2026-06-12,KRX KIND
090430,아모레퍼시픽,유가,2026-06-12,KRX KIND
090460,비에이치,유가,2026-06-12,KRX KIND
090470,제이스로보틱스,코스닥,2026-06-12,KRX KIND
090710,휴림로봇,코스닥,2026-06-12,KRX KIND
090850,현대이지웰,코스닥,2026-06-12,KRX KIND
091120,이엠텍,코스닥,2026-06-12,KRX KIND
091340,S&K폴리텍,코스닥,2026-06-12,KRX KIND
091440,한울소재과학,코스닥,2026-06-12,KRX KIND
091580,상신이디피,코스닥,2026-06-12,KRX KIND
091590,남화토건,코스닥,2026-06-12,KRX KIND
091700,파트론,코스닥,2026-06-12,KRX KIND
091810,트리니티항공,유가,2026-06-12,KRX KIND
091970,나노캠텍,코스닥,2026-06-12,KRX KIND
092040,아미코젠,코스닥,2026-06-12,KRX KIND
092070,디엔에프,코스닥,2026-06-12,KRX KIND
092130,이크레더블,코스닥,2026-06-12,KRX KIND
092190,서울바이오시스,코스닥,2026-06-12,KRX KIND
092200,디아이씨,유가,2026-06-12,KRX KIND
092220,KEC,유가,2026-06-12,KRX KIND
092230,KPX홀딩스,유가,2026-06-12,KRX KIND
092300,현우산업,코스닥,2026-06-12,KRX KIND
092440,기신정기,유가,2026-06-12,KRX KIND
092460,한라IMS,코스닥,2026-06-12,KRX KIND
092600,앤씨앤,코스닥,2026-06-12,KRX KIND
092730,네오팜,코스닥,2026-06-12,KRX KIND
092780,DYP,유가,2026-06-12,KRX KIND
092790,넥스틸,유가,2026-06-12,KRX KIND
092870,엑시콘,코스닥,2026-06-12,KRX KIND
093050,LF,유가,2026-06-12,KRX KIND
093190,빅솔론,코스닥,2026-06-12,KRX KIND
093240,형지엘리트,유가,2026-06-12,KRX KIND
093320,케이아이엔엑스,코스닥,2026-06-12,KRX KIND
093370,후성,유가,2026-06-12,KRX KIND
093380,풍강,코스닥,2026-06-12,KRX KIND
093520,매커스,코스닥,2026-06-12,KRX KIND
093640,케이알엠,코스닥,2026-06-12,KRX KIND
093920,서원인텍,코스닥,2026-06-12,KRX KIND
094170,동운아나텍,코스닥,2026-06-12,KRX KIND
094280,효성 ITX,유가,2026-06-12,KRX KIND
094360,칩스앤미디어,코스닥,2026-06-12,KRX KIND
094480,갤럭시아머니트리,코스닥,2026-06-12,KRX KIND
094800,맵스리얼티,유가,2026-06-12,KRX KIND
094820,일진파워,코스닥,2026-06-12,KRX KIND
094840,슈프리마에이치큐,코스닥,2026-06-12,KRX KIND
094850,참좋은여행,코스닥,2026-06-12,KRX KIND
094860,네오리진,코스닥,2026-06-12,KRX KIND
094940,푸른로보틱스,코스닥,2026-06-12,KRX KIND
094970,제이엠티,코스닥,2026-06-12,KRX KIND
095190,신화프리텍,코스닥,2026-06-12,KRX KIND
095270,웨이브일렉트로,코스닥,2026-06-12,KRX KIND
095340,ISC,코스닥,2026-06-12,KRX KIND
095500,미래나노텍,코스닥,2026-06-12,KRX KIND
095570,AJ네트웍스,유가,2026-06-12,KRX KIND
095610,테스,코스닥,2026-06-12,KRX KIND
095660,네오위즈,코스닥,2026-06-12,KRX KIND
095700,제넥신,코스닥,2026-06-12,KRX KIND
095720,웅진씽크빅,유가,2026-06-12,KRX KIND
095910,에스에너지,코스닥,2026-06-12,KRX KIND
096240,크레버스,코스닥,2026-06-12,KRX KIND
096250,와이즈넛,코스닥,2026-06-12,KRX KIND
096350,대창솔루션,코스닥,2026-06-12,KRX KIND
096530,씨젠,코스닥,2026-06-12,KRX KIND
096610,알에프세미,코스닥,2026-06-12,KRX KIND
096630,에스코넥,코스닥,2026-06-12,KRX KIND
096690,에이루트,코스닥,2026-06-12,KRX KIND
096760,JW홀딩스,유가,2026-06-12,KRX KIND
096770,SK이노베이션,유가,2026-06-12,KRX KIND
096870,엘디티,코스닥,2026-06-12,KRX KIND
097230,HJ중공업,유가,2026-06-12,KRX KIND
097520,엠씨넥스,유가,2026-06-12,KRX KIND
097780,에코볼트,코스닥,2026-06-12,KRX KIND
097800,윈팩,코스닥,2026-06-12,KRX KIND
097870,효성오앤비,코스닥,2026-06-12,KRX KIND
097950,CJ제일제당,유가,2026-06-12,KRX KIND
098070,한텍,코스닥,2026-06-12,KRX KIND
098120,마이크로컨텍솔,코스닥,2026-06-12,KRX KIND
098460,고영,코스닥,2026-06-12,KRX KIND
098660,에스티오,코스닥,2026-06-12,KRX KIND
099190,아이센스,코스닥,2026-06-12,KRX KIND
099220,SDN,코스닥,2026-06-12,KRX KIND
099320,쎄트렉아이,코스닥,2026-06-12,KRX KIND
099390,브레인즈컴퍼니,코스닥,2026-06-12,KRX KIND
099410,동방선기,코스닥,2026-06-12,KRX KIND
099430,바이오플러스,코스닥,2026-06-12,KRX KIND
099440,스맥,코스닥,2026-06-12,KRX KIND
099520,DGI,코스닥,2026-06-12,KRX KIND
099750,이지케어텍,코스닥,2026-06-12,KRX KIND
100030,인지소프트,코스닥,2026-06-12,KRX KIND
100090,SK오션플랜트,유가,2026-06-12,KRX KIND
100120,뷰웍스,코스닥,2026-06-12,KRX KIND
100130,동국S&C,코스닥,2026-06-12,KRX KIND
100220,비상교육,유가,2026-06-12,KRX KIND
100250,진양홀딩스,유가,2026-06-12,KRX KIND
100590,머큐리,코스닥,2026-06-12,KRX KIND
100660,서암기계공업,코스닥,2026-06-12,KRX KIND
100700,세운메디칼,코스닥,2026-06-12,KRX KIND
100790,미래에셋벤처투자,코스닥,2026-06-12,KRX KIND
100840,SNT에너지,유가,2026-06-12,KRX KIND
101000,KS인더스트리,코스닥,2026-06-12,KRX KIND
101140,인바이오젠,유가,2026-06-12,KRX KIND
101160,월덱스,코스닥,2026-06-12,KRX KIND
101170,우림피티에스,코스닥,2026-06-12,KRX KIND
101240,씨큐브,코스닥,2026-06-12,KRX KIND
101330,모베이스,코스닥,2026-06-12,KRX KIND
101360,에코앤드림,코스닥,2026-06-12,KRX KIND
101390,아이엠,코스닥,2026-06-12,KRX KIND
101400,엔시트론,코스닥,2026-06-12,KRX KIND
101490,에스앤에스텍,코스닥,2026-06-12,KRX KIND
101530,해태제과식품,유가,2026-06-12,KRX KIND
101670,하이드로리튬,코스닥,2026-06-12,KRX KIND
101680,한국정밀기계,코스닥,2026-06-12,KRX KIND
101730,위메이드맥스,코스닥,2026-06-12,KRX KIND
101930,인화정공,코스닥,2026-06-12,KRX KIND
101970,우양에이치씨,코스닥,2026-06-12,KRX KIND
102120,어보브반도체,코스닥,2026-06-12,KRX KIND
102260,동성케미컬,유가,2026-06-12,KRX KIND
102370,케이옥션,코스닥,2026-06-12,KRX KIND
102460,이연제약,유가,2026-06-12,KRX KIND
102710,이엔에프테크놀로지,코스닥,2026-06-12,KRX KIND
102940,코오롱생명과학,코스닥,2026-06-12,KRX KIND
103140,풍산,유가,2026-06-12,KRX KIND
103230,에스앤더블류,코스닥,2026-06-12,KRX KIND
103590,일진전기,유가,2026-06-12,KRX KIND
103840,우양,코스닥,2026-06-12,KRX KIND
104040,디에스엠,코스닥,2026-06-12,KRX KIND
104200,NHN벅스,코스닥,2026-06-12,KRX KIND
104460,디와이피엔에프,코스닥,2026-06-12,KRX KIND
104480,티케이케미칼,코스닥,2026-06-12,KRX KIND
104540,코렌텍,코스닥,2026-06-12,KRX KIND
104620,노랑풍선,코스닥,2026-06-12,KRX KIND
104700,한국철강,유가,2026-06-12,KRX KIND
104830,원익머트리얼즈,코스닥,2026-06-12,KRX KIND
105330,케이엔더블유,코스닥,2026-06-12,KRX KIND
105550,엣지파운드리,코스닥,2026-06-12,KRX KIND
105560,KB금융,유가,2026-06-12,KRX KIND
105630,한세실업,유가,2026-06-12,KRX KIND
105740,디케이락,코스닥,2026-06-12,KRX KIND
105760,포스뱅크,코스닥,2026-06-12,KRX KIND
105840,우진,유가,2026-06-12,KRX KIND
106080,케이이엠텍,코스닥,2026-06-12,KRX KIND
106190,하이텍팜,코스닥,2026-06-12,KRX KIND
106240,파인테크닉스,코스닥,2026-06-12,KRX KIND
106520,노블엠앤비,코스닥,2026-06-12,KRX KIND
107590,미원홀딩스,유가,2026-06-12,KRX KIND
107600,새빗켐,코스닥,2026-06-12,KRX KIND
107640,한중엔시에스,코스닥,2026-06-12,KRX KIND
108230,톱텍,코스닥,2026-06-12,KRX KIND
108320,LX세미콘,유가,2026-06-12,KRX KIND
108380,대양전기공업,코스닥,2026-06-12,KRX KIND
108490,로보티즈,코스닥,2026-06-12,KRX KIND
108670,LX하우시스,유가,2026-06-12,KRX KIND
108860,셀바스AI,코스닥,2026-06-12,KRX KIND
109070,주성코퍼레이션,유가,2026-06-12,KRX KIND
109080,옵티시스,코스닥,2026-06-12,KRX KIND
109610,에스와이,코스닥,2026-06-12,KRX KIND
109670,씨싸이트,코스닥,2026-06-12,KRX KIND
109740,디에스케이,코스닥,2026-06-12,KRX KIND
109820,진매트릭스,코스닥,2026-06-12,KRX KIND
109860,동일금속,코스닥,2026-06-12,KRX KIND
109960,앱토크롬,코스닥,2026-06-12,KRX KIND
110020,전진바이오팜,코스닥,2026-06-12,KRX KIND
110790,크리스에프앤씨,코스닥,2026-06-12,KRX KIND
110990,디아이티,코스닥,2026-06-12,KRX KIND
111110,호전실업,유가,2026-06-12,KRX KIND
111380,동인기연,유가,2026-06-12,KRX KIND
111710,남화산업,코스닥,2026-06-12,KRX KIND
111770,영원무역,유가,2026-06-12,KRX KIND
112040,위메이드,코스닥,2026-06-12,KRX KIND
112290,와이씨켐,코스닥,2026-06-12,KRX KIND
112610,씨에스윈드,유가,2026-06-12,KRX KIND
113810,디젠스,코스닥,2026-06-12,KRX KIND
114090,GKL,유가,2026-06-12,KRX KIND
114190,강원에너지,코스닥,2026-06-12,KRX KIND
114450,그린생명과학,코스닥,2026-06-12,KRX KIND
114630,폴라리스우노,코스닥,2026-06-12,KRX KIND
114810,한솔아이원스,코스닥,2026-06-12,KRX KIND
114840,아이패밀리에스씨,코스닥,2026-06-12,KRX KIND
115160,휴맥스,코스닥,2026-06-12,KRX KIND
115180,큐리언트,코스닥,2026-06-12,KRX KIND
115310,인포바인,코스닥,2026-06-12,KRX KIND
115440,우리넷,코스닥,2026-06-12,KRX KIND
115450,HLB테라퓨틱스,코스닥,2026-06-12,KRX KIND
115480,씨유메디칼,코스닥,2026-06-12,KRX KIND
115500,케이씨에스,코스닥,2026-06-12,KRX KIND
115530,씨엔플러스,코스닥,2026-06-12,KRX KIND
115570,스타플렉스,코스닥,2026-06-12,KRX KIND
115610,이미지스,코스닥,2026-06-12,KRX KIND
117580,대성에너지,유가,2026-06-12,KRX KIND
117670,알파칩스,코스닥,2026-06-12,KRX KIND
117730,티로보틱스,코스닥,2026-06-12,KRX KIND
118000,메타케어,유가,2026-06-12,KRX KIND
118990,모트렉스,코스닥,2026-06-12,KRX KIND
119500,포메탈,코스닥,2026-06-12,KRX KIND
119610,인터로조,코스닥,2026-06-12,KRX KIND
119650,KC코트렐,유가,2026-06-12,KRX KIND
119830,아이텍,코스닥,2026-06-12,KRX KIND
119850,지엔씨에너지,코스닥,2026-06-12,KRX KIND
120030,조선선재,유가,2026-06-12,KRX KIND
120110,코오롱인더,유가,2026-06-12,KRX KIND
120240,대정화금,코스닥,2026-06-12,KRX KIND
121440,골프존홀딩스,코스닥,2026-06-12,KRX KIND
121600,나노신소재,코스닥,2026-06-12,KRX KIND
121800,비덴트,코스닥,2026-06-12,KRX KIND
121850,코이즈,코스닥,2026-06-12,KRX KIND
121890,에스디시스템,코스닥,2026-06-12,KRX KIND
122310,제노레이,코스닥,2026-06-12,KRX KIND
122350,삼기,코스닥,2026-06-12,KRX KIND
122450,KX,코스닥,2026-06-12,KRX KIND
122640,예스티,코스닥,2026-06-12,KRX KIND
122690,서진오토모티브,코스닥,2026-06-12,KRX KIND
122870,와이지엔터테인먼트,코스닥,2026-06-12,KRX KIND
122900,아이마켓코리아,유가,2026-06-12,KRX KIND
122990,와이솔,코스닥,2026-06-12,KRX KIND
123010,알엔티엑스,코스닥,2026-06-12,KRX KIND
123040,엠에스오토텍,코스닥,2026-06-12,KRX KIND
123330,제닉,코스닥,2026-06-12,KRX KIND
123410,코리아에프티,코스닥,2026-06-12,KRX KIND
123420,위메이드플레이,코스닥,2026-06-12,KRX KIND
123570,이엠넷,코스닥,2026-06-12,KRX KIND
123690,한국화장품,유가,2026-06-12,KRX KIND
123700,에스제이엠,유가,2026-06-12,KRX KIND
123750,알톤,코스닥,2026-06-12,KRX KIND
123840,뉴온,코스닥,2026-06-12,KRX KIND
123860,아나패스,코스닥,2026-06-12,KRX KIND
123890,한국자산신탁,유가,2026-06-12,KRX KIND
124500,아이티센글로벌,코스닥,2026-06-12,KRX KIND
124560,태웅로직스,코스닥,2026-06-12,KRX KIND
125020,티씨머티리얼즈,코스닥,2026-06-12,KRX KIND
125210,아모그린텍,코스닥,2026-06-12,KRX KIND
125490,한라캐스트,코스닥,2026-06-12,KRX KIND
126340,비나텍,코스닥,2026-06-12,KRX KIND
126560,현대퓨처넷,유가,2026-06-12,KRX KIND
126600,BGF에코머티리얼즈,코스닥,2026-06-12,KRX KIND
126640,화신정공,코스닥,2026-06-12,KRX KIND
126700,하이비젼시스템,코스닥,2026-06-12,KRX KIND
126720,수산인더스트리,유가,2026-06-12,KRX KIND
126730,코칩,코스닥,2026-06-12,KRX KIND
126880,제이엔케이글로벌,코스닥,2026-06-12,KRX KIND
127120,제이에스링크,코스닥,2026-06-12,KRX KIND
127710,아시아경제,코스닥,2026-06-12,KRX KIND
127980,화인써키트,코스닥,2026-06-12,KRX KIND
128540,에코캡,코스닥,2026-06-12,KRX KIND
128660,피제이메탈,코스닥,2026-06-12,KRX KIND
128820,대성산업,유가,2026-06-12,KRX KIND
128940,한미약품,유가,2026-06-12,KRX KIND
129260,인터지스,유가,2026-06-12,KRX KIND
129890,앱코,코스닥,2026-06-12,KRX KIND
129920,대성하이텍,코스닥,2026-06-12,KRX KIND
130500,GH신소재,코스닥,2026-06-12,KRX KIND
130580,나이스디앤비,코스닥,2026-06-12,KRX KIND
130660,한전산업,유가,2026-06-12,KRX KIND
130740,티피씨글로벌,코스닥,2026-06-12,KRX KIND
131030,옵투스제약,코스닥,2026-06-12,KRX KIND
131090,시큐브,코스닥,2026-06-12,KRX KIND
131100,티엔엔터테인먼트,코스닥,2026-06-12,KRX KIND
131180,딜리,코스닥,2026-06-12,KRX KIND
131220,대한과학,코스닥,2026-06-12,KRX KIND
131290,티에스이,코스닥,2026-06-12,KRX KIND
131370,알서포트,코스닥,2026-06-12,KRX KIND
131400,이브이첨단소재,코스닥,2026-06-12,KRX KIND
131760,파인텍,코스닥,2026-06-12,KRX KIND
131970,두산테스나,코스닥,2026-06-12,KRX KIND
133750,메가엠디,코스닥,2026-06-12,KRX KIND
133820,화인베스틸,유가,2026-06-12,KRX KIND
134060,이퓨쳐,코스닥,2026-06-12,KRX KIND
134380,미원화학,유가,2026-06-12,KRX KIND
134580,탑코미디어,코스닥,2026-06-12,KRX KIND
134790,시디즈,유가,2026-06-12,KRX KIND
136150,원일티엔아이,코스닥,2026-06-12,KRX KIND
136410,아셈스,코스닥,2026-06-12,KRX KIND
136480,하림,코스닥,2026-06-12,KRX KIND
136490,선진,유가,2026-06-12,KRX KIND
136540,윈스테크넷,코스닥,2026-06-12,KRX KIND
137080,나래나노텍,코스닥,2026-06-12,KRX KIND
137310,에스디바이오센서,유가,2026-06-12,KRX KIND
137400,피엔티,코스닥,2026-06-12,KRX KIND
137940,넥스트아이,코스닥,2026-06-12,KRX KIND
137950,제이씨케미칼,코스닥,2026-06-12,KRX KIND
138040,메리츠금융지주,유가,2026-06-12,KRX KIND
138070,신진에스엠,코스닥,2026-06-12,KRX KIND
138080,오이솔루션,코스닥,2026-06-12,KRX KIND
138360,앤로보틱스,코스닥,2026-06-12,KRX KIND
138610,나이벡,코스닥,2026-06-12,KRX KIND
138930,BNK금융지주,유가,2026-06-12,KRX KIND
139130,iM금융지주,유가,2026-06-12,KRX KIND
139480,이마트,유가,2026-06-12,KRX KIND
139670,키네마스터,코스닥,2026-06-12,KRX KIND
139990,아주스틸,유가,2026-06-12,KRX KIND
140070,서플러스글로벌,코스닥,2026-06-12,KRX KIND
140410,메지온,코스닥,2026-06-12,KRX KIND
140430,카티스,코스닥,2026-06-12,KRX KIND
140520,대창스틸,코스닥,2026-06-12,KRX KIND
140670,알에스오토메이션,코스닥,2026-06-12,KRX KIND
140860,파크시스템스,코스닥,2026-06-12,KRX KIND
141000,비아트론,코스닥,2026-06-12,KRX KIND
141080,리가켐바이오,코스닥,2026-06-12,KRX KIND
142210,유니트론텍,코스닥,2026-06-12,KRX KIND
142280,녹십자엠에스,코스닥,2026-06-12,KRX KIND
142760,모아라이프플러스,코스닥,2026-06-12,KRX KIND
143160,아이디스,코스닥,2026-06-12,KRX KIND
143210,핸즈코퍼레이션,유가,2026-06-12,KRX KIND
143240,사람인,코스닥,2026-06-12,KRX KIND
143540,영우디에스피,코스닥,2026-06-12,KRX KIND
144510,지씨셀,코스닥,2026-06-12,KRX KIND
144960,뉴파워프라즈마,코스닥,2026-06-12,KRX KIND
145020,휴젤,코스닥,2026-06-12,KRX KIND
145170,노브랜드,코스닥,2026-06-12,KRX KIND
145210,다이나믹디자인,유가,2026-06-12,KRX KIND
145270,케이탑리츠,유가,2026-06-12,KRX KIND
145720,덴티움,유가,2026-06-12,KRX KIND
145990,삼양사,유가,2026-06-12,KRX KIND
146060,율촌,코스닥,2026-06-12,KRX KIND
146320,비씨엔씨,코스닥,2026-06-12,KRX KIND
147760,피엠티,코스닥,2026-06-12,KRX KIND
147830,제룡산업,코스닥,2026-06-12,KRX KIND
148150,세경하이테크,코스닥,2026-06-12,KRX KIND
148250,알엔투테크놀로지,코스닥,2026-06-12,KRX KIND
148780,비큐AI,코스닥,2026-06-12,KRX KIND
148930,에이치와이티씨,코스닥,2026-06-12,KRX KIND
149950,아바텍,코스닥,2026-06-12,KRX KIND
149980,하이로닉,코스닥,2026-06-12,KRX KIND
150900,파수AI,코스닥,2026-06-12,KRX KIND
151860,KG에코솔루션,코스닥,2026-06-12,KRX KIND
153460,네이블,코스닥,2026-06-12,KRX KIND
153490,우리이앤엘하루틴,코스닥,2026-06-12,KRX KIND
153710,옵티팜,코스닥,2026-06-12,KRX KIND
154030,아시아종묘,코스닥,2026-06-12,KRX KIND
154040,다산솔루에타,코스닥,2026-06-12,KRX KIND
155650,와이엠씨,코스닥,2026-06-12,KRX KIND
155660,DSR,유가,2026-06-12,KRX KIND
156100,엘앤케이바이오,코스닥,2026-06-12,KRX KIND
158430,아톤,코스닥,2026-06-12,KRX KIND
159010,아스플로,코스닥,2026-06-12,KRX KIND
159580,제로투세븐,코스닥,2026-06-12,KRX KIND
159910,에코글로우,코스닥,2026-06-12,KRX KIND
160190,하이젠알앤엠,코스닥,2026-06-12,KRX KIND
160550,NEW,코스닥,2026-06-12,KRX KIND
160980,싸이맥스,코스닥,2026-06-12,KRX KIND
161000,애경케미칼,유가,2026-06-12,KRX KIND
161390,한국타이어앤테크놀로지,유가,2026-06-12,KRX KIND
161580,필옵틱스,코스닥,2026-06-12,KRX KIND
161890,한국콜마,유가,2026-06-12,KRX KIND
162300,신스틸,코스닥,2026-06-12,KRX KIND
163280,에어레인,코스닥,2026-06-12,KRX KIND
163560,동일고무벨트,유가,2026-06-12,KRX KIND
163730,핑거,코스닥,2026-06-12,KRX KIND
166090,하나머티리얼즈,코스닥,2026-06-12,KRX KIND
166480,코아스템켐온,코스닥,2026-06-12,KRX KIND
168330,내츄럴엔도텍,코스닥,2026-06-12,KRX KIND
168360,펨트론,코스닥,2026-06-12,KRX KIND
169330,엠브레인,코스닥,2026-06-12,KRX KIND
170030,현대공업,코스닥,2026-06-12,KRX KIND
170790,파이오링크,코스닥,2026-06-12,KRX KIND
170900,동아에스티,유가,2026-06-12,KRX KIND
170920,엘티씨,코스닥,2026-06-12,KRX KIND
171010,램테크놀러지,코스닥,2026-06-12,KRX KIND
171090,선익시스템,코스닥,2026-06-12,KRX KIND
171120,라이온켐텍,코스닥,2026-06-12,KRX KIND
172670,에이엘티,코스닥,2026-06-12,KRX KIND
173130,오파스넷,코스닥,2026-06-12,KRX KIND
173940,에프엔씨엔터,코스닥,2026-06-12,KRX KIND
174900,앱클론,코스닥,2026-06-12,KRX KIND
175140,휴먼테크놀로지,코스닥,2026-06-12,KRX KIND
175250,아이큐어,코스닥,2026-06-12,KRX KIND
175330,JB금융지주,유가,2026-06-12,KRX KIND
176750,듀켐바이오,코스닥,2026-06-12,KRX KIND
177350,베셀,코스닥,2026-06-12,KRX KIND
177830,파버나인,코스닥,2026-06-12,KRX KIND
177900,쓰리에이로직스,코스닥,2026-06-12,KRX KIND
178320,서진시스템,코스닥,2026-06-12,KRX KIND
178780,일월지엠엘,코스닥,2026-06-12,KRX KIND
178920,PI첨단소재,유가,2026-06-12,KRX KIND
179290,엠아이텍,코스닥,2026-06-12,KRX KIND
179530,애드바이오텍,코스닥,2026-06-12,KRX KIND
179900,유티아이,코스닥,2026-06-12,KRX KIND
180400,DXVX,코스닥,2026-06-12,KRX KIND
180640,한진칼,유가,2026-06-12,KRX KIND
181710,NHN,유가,2026-06-12,KRX KIND
182360,큐브엔터,코스닥,2026-06-12,KRX KIND
182400,엔케이젠바이오텍코리아,코스닥,2026-06-12,KRX KIND
183190,아세아시멘트,유가,2026-06-12,KRX KIND
183300,코미코,코스닥,2026-06-12,KRX KIND
183490,엔지켐생명과학,코스닥,2026-06-12,KRX KIND
184230,SGA솔루션즈,코스닥,2026-06-12,KRX KIND
185490,아이진,코스닥,2026-06-12,KRX KIND
185750,종근당,유가,2026-06-12,KRX KIND
186230,그린플러스,코스닥,2026-06-12,KRX KIND
187220,디티앤씨,코스닥,2026-06-12,KRX KIND
187270,신화콘텍,코스닥,2026-06-12,KRX KIND
187420,HLB제넥스,코스닥,2026-06-12,KRX KIND
187660,페니트리움바이오,코스닥,2026-06-12,KRX KIND
187790,나노,코스닥,2026-06-12,KRX KIND
187870,디바이스,코스닥,2026-06-12,KRX KIND
188040,바이오포트,코스닥,2026-06-12,KRX KIND
188260,세니젠,코스닥,2026-06-12,KRX KIND
189300,인텔리안테크,코스닥,2026-06-12,KRX KIND
189330,씨이랩,코스닥,2026-06-12,KRX KIND
189690,포시에스,코스닥,2026-06-12,KRX KIND
189860,서전기전,코스닥,2026-06-12,KRX KIND
189980,흥국에프엔비,코스닥,2026-06-12,KRX KIND
190510,나무가,코스닥,2026-06-12,KRX KIND
190650,코리아에셋투자증권,코스닥,2026-06-12,KRX KIND
191410,육일씨엔에쓰,코스닥,2026-06-12,KRX KIND
191420,테고사이언스,코스닥,2026-06-12,KRX KIND
192080,더블유게임즈,유가,2026-06-12,KRX KIND
192250,케이사인,코스닥,2026-06-12,KRX KIND
192390,윈하이텍,코스닥,2026-06-12,KRX KIND
192400,쿠쿠홀딩스,유가,2026-06-12,KRX KIND
192410,오늘이엔엠,코스닥,2026-06-12,KRX KIND
192440,슈피겐코리아,코스닥,2026-06-12,KRX KIND
192650,드림텍,유가,2026-06-12,KRX KIND
192820,코스맥스,유가,2026-06-12,KRX KIND
193250,링크드,코스닥,2026-06-12,KRX KIND
194370,제이에스코퍼레이션,유가,2026-06-12,KRX KIND
194480,데브시스터즈,코스닥,2026-06-12,KRX KIND
194700,노바렉스,코스닥,2026-06-12,KRX KIND
195500,마니커에프앤지,코스닥,2026-06-12,KRX KIND
195870,해성디에스,유가,2026-06-12,KRX KIND
195940,HK이노엔,코스닥,2026-06-12,KRX KIND
195990,에이비프로바이오,코스닥,2026-06-12,KRX KIND
196170,알테오젠,코스닥,2026-06-12,KRX KIND
196300,HLB펩,코스닥,2026-06-12,KRX KIND
196450,코아시아씨엠,코스닥,2026-06-12,KRX KIND
196490,디에이테크놀로지,코스닥,2026-06-12,KRX KIND
196700,웹스,코스닥,2026-06-12,KRX KIND
197140,디지캡,코스닥,2026-06-12,KRX KIND
198080,캐프,코스닥,2026-06-12,KRX KIND
198440,강동씨앤엘,코스닥,2026-06-12,KRX KIND
198940,한주라이트메탈,코스닥,2026-06-12,KRX KIND
199430,케이엔알시스템,코스닥,2026-06-12,KRX KIND
199480,뱅크웨어글로벌,코스닥,2026-06-12,KRX KIND
199550,레이저옵텍,코스닥,2026-06-12,KRX KIND
199730,바이오인프라,코스닥,2026-06-12,KRX KIND
199800,툴젠,코스닥,2026-06-12,KRX KIND
199820,제일일렉트릭,코스닥,2026-06-12,KRX KIND
200130,콜마비앤에이치,코스닥,2026-06-12,KRX KIND
200230,텔콘RF제약,코스닥,2026-06-12,KRX KIND
200350,아티스트스튜디오,코스닥,2026-06-12,KRX KIND
200470,에이팩트,코스닥,2026-06-12,KRX KIND
200670,휴메딕스,코스닥,2026-06-12,KRX KIND
200710,에이디테크놀로지,코스닥,2026-06-12,KRX KIND
200780,비씨월드제약,코스닥,2026-06-12,KRX KIND
200880,서연이화,유가,2026-06-12,KRX KIND
201490,미투온,코스닥,2026-06-12,KRX KIND
203400,에이비온,코스닥,2026-06-12,KRX KIND
203450,유니온바이오메트릭스,코스닥,2026-06-12,KRX KIND
203650,드림시큐리티,코스닥,2026-06-12,KRX KIND
203690,아크솔루션스,코스닥,2026-06-12,KRX KIND
204020,그리티,코스닥,2026-06-12,KRX KIND
204270,제이앤티씨,코스닥,2026-06-12,KRX KIND
204320,HL만도,유가,2026-06-12,KRX KIND
204610,티쓰리,코스닥,2026-06-12,KRX KIND
204620,글로벌텍스프리,코스닥,2026-06-12,KRX KIND
204840,지엘팜텍,코스닥,2026-06-12,KRX KIND
205100,엑셈,코스닥,2026-06-12,KRX KIND
205470,휴마시스,코스닥,2026-06-12,KRX KIND
205500,넥써쓰,코스닥,2026-06-12,KRX KIND
206400,베노티앤알,코스닥,2026-06-12,KRX KIND
206560,덱스터,코스닥,2026-06-12,KRX KIND
206640,바디텍메드,코스닥,2026-06-12,KRX KIND
206650,유바이오로직스,코스닥,2026-06-12,KRX KIND
207760,미스터블루,코스닥,2026-06-12,KRX KIND
207940,삼성바이오로직스,유가,2026-06-12,KRX KIND
208140,정다운,코스닥,2026-06-12,KRX KIND
208350,지란지교시큐리티,코스닥,2026-06-12,KRX KIND
208370,셀바스헬스케어,코스닥,2026-06-12,KRX KIND
208640,썸에이지,코스닥,2026-06-12,KRX KIND
208710,포톤,코스닥,2026-06-12,KRX KIND
208860,다산디엠씨,코스닥,2026-06-12,KRX KIND
209640,와이제이링크,코스닥,2026-06-12,KRX KIND
210120,캔버스엔,코스닥,2026-06-12,KRX KIND
210540,디와이파워,유가,2026-06-12,KRX KIND
210980,SK디앤디,유가,2026-06-12,KRX KIND
211050,인카금융서비스,코스닥,2026-06-12,KRX KIND
211270,AP위성,코스닥,2026-06-12,KRX KIND
212560,네오오토,코스닥,2026-06-12,KRX KIND
212710,아이에스티이,코스닥,2026-06-12,KRX KIND
213420,덕산네오룩스,코스닥,2026-06-12,KRX KIND
213500,한솔제지,유가,2026-06-12,KRX KIND
214150,클래시스,코스닥,2026-06-12,KRX KIND
214180,헥토이노베이션,코스닥,2026-06-12,KRX KIND
214260,라파스,코스닥,2026-06-12,KRX KIND
214270,FSN,코스닥,2026-06-12,KRX KIND
214320,이노션,유가,2026-06-12,KRX KIND
214330,금호에이치티,유가,2026-06-12,KRX KIND
214370,케어젠,코스닥,2026-06-12,KRX KIND
214390,경보제약,유가,2026-06-12,KRX KIND
214420,토니모리,유가,2026-06-12,KRX KIND
214430,아이쓰리시스템,코스닥,2026-06-12,KRX KIND
214450,파마리서치,코스닥,2026-06-12,KRX KIND
214610,롤링스톤,코스닥,2026-06-12,KRX KIND
214680,디알텍,코스닥,2026-06-12,KRX KIND
215000,골프존,코스닥,2026-06-12,KRX KIND
215090,솔디펜스,코스닥,2026-06-12,KRX KIND
215100,로보로보,코스닥,2026-06-12,KRX KIND
215200,메가스터디교육,코스닥,2026-06-12,KRX KIND
215360,우리산업,코스닥,2026-06-12,KRX KIND
215380,우정바이오,코스닥,2026-06-12,KRX KIND
215480,토박스코리아,코스닥,2026-06-12,KRX KIND
215600,신라젠,코스닥,2026-06-12,KRX KIND
215790,이노인스트루먼트,코스닥,2026-06-12,KRX KIND
216050,인크로스,코스닥,2026-06-12,KRX KIND
216080,제테마,코스닥,2026-06-12,KRX KIND
217190,제너셈,코스닥,2026-06-12,KRX KIND
217270,넵튠,코스닥,2026-06-12,KRX KIND
217330,싸이토젠,코스닥,2026-06-12,KRX KIND
217480,에스디생명공학,코스닥,2026-06-12,KRX KIND
217500,러셀,코스닥,2026-06-12,KRX KIND
217590,티엠씨,유가,2026-06-12,KRX KIND
217730,강스템바이오텍,코스닥,2026-06-12,KRX KIND
217820,원익피앤이,코스닥,2026-06-12,KRX KIND
218150,미래생명자원,코스닥,2026-06-12,KRX KIND
218410,RFHIC,코스닥,2026-06-12,KRX KIND
219130,타이거일렉,코스닥,2026-06-12,KRX KIND
219420,링크제니시스,코스닥,2026-06-12,KRX KIND
219550,디와이디,코스닥,2026-06-12,KRX KIND
219750,한국비티비,코스닥,2026-06-12,KRX KIND
220100,퓨쳐켐,코스닥,2026-06-12,KRX KIND
220180,핸디소프트,코스닥,2026-06-12,KRX KIND
220260,켐트로스,코스닥,2026-06-12,KRX KIND
221800,지구홀딩스,코스닥,2026-06-12,KRX KIND
221840,하이즈항공,코스닥,2026-06-12,KRX KIND
221980,케이디켐,코스닥,2026-06-12,KRX KIND
222040,코스맥스엔비티,코스닥,2026-06-12,KRX KIND
222080,씨아이에스,코스닥,2026-06-12,KRX KIND
222110,팬젠,코스닥,2026-06-12,KRX KIND
222160,NPX,코스닥,2026-06-12,KRX KIND
222420,쎄노텍,코스닥,2026-06-12,KRX KIND
222800,심텍,코스닥,2026-06-12,KRX KIND
222980,한국맥널티,코스닥,2026-06-12,KRX KIND
223250,드림씨아이에스,코스닥,2026-06-12,KRX KIND
223310,사토시홀딩스,코스닥,2026-06-12,KRX KIND
224060,더코디,코스닥,2026-06-12,KRX KIND
224110,에이텍모빌리티,코스닥,2026-06-12,KRX KIND
225190,LK삼양,코스닥,2026-06-12,KRX KIND
225220,제놀루션,코스닥,2026-06-12,KRX KIND
225430,케이엠제약,코스닥,2026-06-12,KRX KIND
225530,HC보광산업,코스닥,2026-06-12,KRX KIND
225570,넥슨게임즈,코스닥,2026-06-12,KRX KIND
225590,패션플랫폼,코스닥,2026-06-12,KRX KIND
226320,잇츠한불,유가,2026-06-12,KRX KIND
226330,신테카바이오,코스닥,2026-06-12,KRX KIND
226340,본느,코스닥,2026-06-12,KRX KIND
226400,오스테오닉,코스닥,2026-06-12,KRX KIND
226590,엠디바이스,코스닥,2026-06-12,KRX KIND
226950,올릭스,코스닥,2026-06-12,KRX KIND
227100,프로브잇,코스닥,2026-06-12,KRX KIND
227610,아우딘퓨쳐스,코스닥,2026-06-12,KRX KIND
227840,현대코퍼레이션홀딩스,유가,2026-06-12,KRX KIND
227950,엔투텍,코스닥,2026-06-12,KRX KIND
228340,동양파일,코스닥,2026-06-12,KRX KIND
228670,레이,코스닥,2026-06-12,KRX KIND
228760,지노믹트리,코스닥,2026-06-12,KRX KIND
228850,레이언스,코스닥,2026-06-12,KRX KIND
229000,젠큐릭스,코스닥,2026-06-12,KRX KIND
229640,LS에코에너지,유가,2026-06-12,KRX KIND
230240,에치에프알,코스닥,2026-06-12,KRX KIND
230360,에코마케팅,코스닥,2026-06-12,KRX KIND
232140,와이씨,코스닥,2026-06-12,KRX KIND
232680,라온로보틱스,코스닥,2026-06-12,KRX KIND
232830,아이티센피엔에스,코스닥,2026-06-12,KRX KIND
234030,싸이닉솔루션,코스닥,2026-06-12,KRX KIND
234080,JW생명과학,유가,2026-06-12,KRX KIND
234100,폴라리스세원,코스닥,2026-06-12,KRX KIND
234300,에스트래픽,코스닥,2026-06-12,KRX KIND
234340,헥토파이낸셜,코스닥,2026-06-12,KRX KIND
234690,녹십자웰빙,코스닥,2026-06-12,KRX KIND
234920,자이글,코스닥,2026-06-12,KRX KIND
235980,메드팩토,코스닥,2026-06-12,KRX KIND
236200,슈프리마,코스닥,2026-06-12,KRX KIND
236810,엔비티,코스닥,2026-06-12,KRX KIND
237690,에스티팜,코스닥,2026-06-12,KRX KIND
237750,피앤씨테크,코스닥,2026-06-12,KRX KIND
237820,플레이디,코스닥,2026-06-12,KRX KIND
237880,클리오,코스닥,2026-06-12,KRX KIND
238090,앤디포스,코스닥,2026-06-12,KRX KIND
238120,얼라인드,코스닥,2026-06-12,KRX KIND
238200,비피도,코스닥,2026-06-12,KRX KIND
238490,힘스,코스닥,2026-06-12,KRX KIND
239340,이스트에이드,코스닥,2026-06-12,KRX KIND
239610,에이치엘사이언스,코스닥,2026-06-12,KRX KIND
239890,피엔에이치테크,코스닥,2026-06-12,KRX KIND
240550,동방메디컬,코스닥,2026-06-12,KRX KIND
240600,유진테크놀로지,코스닥,2026-06-12,KRX KIND
240810,원익IPS,코스닥,2026-06-12,KRX KIND
241520,DSC인베스트먼트,코스닥,2026-06-12,KRX KIND
241560,두산밥캣,유가,2026-06-12,KRX KIND
241590,화승엔터프라이즈,유가,2026-06-12,KRX KIND
241690,유니테크노,코스닥,2026-06-12,KRX KIND
241710,코스메카코리아,코스닥,2026-06-12,KRX KIND
241770,메카로,코스닥,2026-06-12,KRX KIND
241790,티이엠씨씨엔에스,코스닥,2026-06-12,KRX KIND
241820,피씨엘,코스닥,2026-06-12,KRX KIND
241840,에이스토리,코스닥,2026-06-12,KRX KIND
242040,나무기술,코스닥,2026-06-12,KRX KIND
243070,휴온스,코스닥,2026-06-12,KRX KIND
243840,신흥에스이씨,코스닥,2026-06-12,KRX KIND
244460,올리패스,코스닥,2026-06-12,KRX KIND
244920,에이플러스에셋,유가,2026-06-12,KRX KIND
245620,EDGC,코스닥,2026-06-12,KRX KIND
246250,에스엘에스바이오,코스닥,2026-06-12,KRX KIND
246690,TS인베스트먼트,코스닥,2026-06-12,KRX KIND
246710,티앤알바이오팹,코스닥,2026-06-12,KRX KIND
246720,아스타,코스닥,2026-06-12,KRX KIND
246960,SCL사이언스,코스닥,2026-06-12,KRX KIND
247540,에코프로비엠,코스닥,2026-06-12,KRX KIND
247660,나노씨엠에스,코스닥,2026-06-12,KRX KIND
248070,솔루엠,유가,2026-06-12,KRX KIND
248170,샘표식품,유가,2026-06-12,KRX KIND
249420,일동제약,유가,2026-06-12,KRX KIND
250000,보라티알,코스닥,2026-06-12,KRX KIND
250060,모비스,코스닥,2026-06-12,KRX KIND
250930,예선테크,코스닥,2026-06-12,KRX KIND
251120,바이오에프디엔씨,코스닥,2026-06-12,KRX KIND
251270,넷마블,유가,2026-06-12,KRX KIND
251370,와이엠티,코스닥,2026-06-12,KRX KIND
251630,브이원텍,코스닥,2026-06-12,KRX KIND
251970,펌텍코리아,코스닥,2026-06-12,KRX KIND
252500,세화피앤씨,코스닥,2026-06-12,KRX KIND
252990,샘씨엔에스,코스닥,2026-06-12,KRX KIND
253450,스튜디오드래곤,코스닥,2026-06-12,KRX KIND
253590,네오셈,코스닥,2026-06-12,KRX KIND
253840,수젠텍,코스닥,2026-06-12,KRX KIND
254120,자비스,코스닥,2026-06-12,KRX KIND
254490,미래반도체,코스닥,2026-06-12,KRX KIND
255220,SG,코스닥,2026-06-12,KRX KIND
255440,야스,코스닥,2026-06-12,KRX KIND
256150,한독크린텍,코스닥,2026-06-12,KRX KIND
256630,포인트엔지니어링,코스닥,2026-06-12,KRX KIND
256840,한국비엔씨,코스닥,2026-06-12,KRX KIND
256940,킵스파마,코스닥,2026-06-12,KRX KIND
257370,피엔티엠에스,코스닥,2026-06-12,KRX KIND
257720,실리콘투,코스닥,2026-06-12,KRX KIND
258610,케일럼,코스닥,2026-06-12,KRX KIND
258790,소프트캠프,코스닥,2026-06-12,KRX KIND
258830,세종메디칼,코스닥,2026-06-12,KRX KIND
259630,엠플러스,코스닥,2026-06-12,KRX KIND
259960,크래프톤,유가,2026-06-12,KRX KIND
260660,알리코제약,코스닥,2026-06-12,KRX KIND
260930,씨티케이,코스닥,2026-06-12,KRX KIND
260970,에스앤디,코스닥,2026-06-12,KRX KIND
261200,덴티스,코스닥,2026-06-12,KRX KIND
261520,이지스,코스닥,2026-06-12,KRX KIND
261780,아리바이오LAB,코스닥,2026-06-12,KRX KIND
262260,에이프로,코스닥,2026-06-12,KRX KIND
262840,아이퀘스트,코스닥,2026-06-12,KRX KIND
263020,디케이앤디,코스닥,2026-06-12,KRX KIND
263050,유틸렉스,코스닥,2026-06-12,KRX KIND
263600,덕우전자,코스닥,2026-06-12,KRX KIND
263690,디알젬,코스닥,2026-06-12,KRX KIND
263700,케어랩스,코스닥,2026-06-12,KRX KIND
263720,디앤씨미디어,코스닥,2026-06-12,KRX KIND
263750,펄어비스,코스닥,2026-06-12,KRX KIND
263770,유에스티,코스닥,2026-06-12,KRX KIND
263800,데이타솔루션,코스닥,2026-06-12,KRX KIND
263810,상신전자,코스닥,2026-06-12,KRX KIND
263860,지니언스,코스닥,2026-06-12,KRX KIND
263920,휴엠앤씨,코스닥,2026-06-12,KRX KIND
264450,유비쿼스,코스닥,2026-06-12,KRX KIND
264660,씨앤지하이테크,코스닥,2026-06-12,KRX KIND
264850,이랜시스,코스닥,2026-06-12,KRX KIND
264900,크라운제과,유가,2026-06-12,KRX KIND
265520,AP시스템,코스닥,2026-06-12,KRX KIND
265560,영화테크,코스닥,2026-06-12,KRX KIND
265740,엔에프씨,코스닥,2026-06-12,KRX KIND
267250,HD현대,유가,2026-06-12,KRX KIND
267260,HD현대일렉트릭,유가,2026-06-12,KRX KIND
267270,HD건설기계,유가,2026-06-12,KRX KIND
267290,경동도시가스,유가,2026-06-12,KRX KIND
267320,나인테크,코스닥,2026-06-12,KRX KIND
267790,배럴,코스닥,2026-06-12,KRX KIND
267850,아시아나IDT,유가,2026-06-12,KRX KIND
267980,매일유업,코스닥,2026-06-12,KRX KIND
268280,미원에스씨,유가,2026-06-12,KRX KIND
269620,시스웍,코스닥,2026-06-12,KRX KIND
270520,앱튼,코스닥,2026-06-12,KRX KIND
270660,에브리봇,코스닥,2026-06-12,KRX KIND
270870,뉴트리,코스닥,2026-06-12,KRX KIND
271560,오리온,유가,2026-06-12,KRX KIND
271830,팸텍,코스닥,2026-06-12,KRX KIND
271940,일진하이솔루스,유가,2026-06-12,KRX KIND
271980,제일약품,유가,2026-06-12,KRX KIND
272110,케이엔제이,코스닥,2026-06-12,KRX KIND
272210,한화시스템,유가,2026-06-12,KRX KIND
272290,이녹스첨단소재,코스닥,2026-06-12,KRX KIND
272450,진에어,유가,2026-06-12,KRX KIND
272550,삼양패키징,유가,2026-06-12,KRX KIND
273060,와이즈버즈,코스닥,2026-06-12,KRX KIND
273640,와이엠텍,코스닥,2026-06-12,KRX KIND
274090,켄코아에어로스페이스,코스닥,2026-06-12,KRX KIND
274400,이노시뮬레이션,코스닥,2026-06-12,KRX KIND
275630,에스에스알,코스닥,2026-06-12,KRX KIND
276040,스코넥,코스닥,2026-06-12,KRX KIND
276730,한울앤제주,코스닥,2026-06-12,KRX KIND
277070,린드먼아시아,코스닥,2026-06-12,KRX KIND
277410,인산가,코스닥,2026-06-12,KRX KIND
277810,레인보우로보틱스,코스닥,2026-06-12,KRX KIND
277880,티에스아이,코스닥,2026-06-12,KRX KIND
278280,천보,코스닥,2026-06-12,KRX KIND
278470,에이피알,유가,2026-06-12,KRX KIND
278650,HLB바이오스텝,코스닥,2026-06-12,KRX KIND
279570,케이뱅크,유가,2026-06-12,KRX KIND
279600,미디어젠,코스닥,2026-06-12,KRX KIND
280360,롯데웰푸드,유가,2026-06-12,KRX KIND
281740,레이크머티리얼즈,코스닥,2026-06-12,KRX KIND
281820,케이씨텍,유가,2026-06-12,KRX KIND
282330,BGF리테일,유가,2026-06-12,KRX KIND
282720,금양그린파워,코스닥,2026-06-12,KRX KIND
282880,코윈테크,코스닥,2026-06-12,KRX KIND
284620,카이노스메드,코스닥,2026-06-12,KRX KIND
284740,쿠쿠홈시스,유가,2026-06-12,KRX KIND
285130,SK케미칼,유가,2026-06-12,KRX KIND
285490,노바텍,코스닥,2026-06-12,KRX KIND
285800,진영,코스닥,2026-06-12,KRX KIND
286750,나노실리칸첨단소재,코스닥,2026-06-12,KRX KIND
286940,롯데이노베이트,유가,2026-06-12,KRX KIND
287840,인투셀,코스닥,2026-06-12,KRX KIND
288180,케이피항공산업,코스닥,2026-06-12,KRX KIND
288330,파라택시스코리아,코스닥,2026-06-12,KRX KIND
288620,에스프리즘,코스닥,2026-06-12,KRX KIND
288980,모아데이타,코스닥,2026-06-12,KRX KIND
289010,아이스크림에듀,코스닥,2026-06-12,KRX KIND
289080,SV인베스트먼트,코스닥,2026-06-12,KRX KIND
289220,자이언트스텝,코스닥,2026-06-12,KRX KIND
289930,웨이비스,코스닥,2026-06-12,KRX KIND
290090,트윔,코스닥,2026-06-12,KRX KIND
290120,DH오토리드,코스닥,2026-06-12,KRX KIND
290270,휴네시온,코스닥,2026-06-12,KRX KIND
290520,신도기연,코스닥,2026-06-12,KRX KIND
290550,디케이티,코스닥,2026-06-12,KRX KIND
290560,파라택시스이더리움,코스닥,2026-06-12,KRX KIND
290650,엘앤씨바이오,코스닥,2026-06-12,KRX KIND
290660,다이나믹솔루션,코스닥,2026-06-12,KRX KIND
290670,대보마그네틱,코스닥,2026-06-12,KRX KIND
290690,소룩스,코스닥,2026-06-12,KRX KIND
290720,푸드나무,코스닥,2026-06-12,KRX KIND
290740,액트로,코스닥,2026-06-12,KRX KIND
291230,엔피,코스닥,2026-06-12,KRX KIND
291650,압타머사이언스,코스닥,2026-06-12,KRX KIND
291810,핀텔,코스닥,2026-06-12,KRX KIND
293480,하나제약,유가,2026-06-12,KRX KIND
293490,카카오게임즈,코스닥,2026-06-12,KRX KIND
293580,나우IB,코스닥,2026-06-12,KRX KIND
293780,압타바이오,코스닥,2026-06-12,KRX KIND
293940,신한알파리츠,유가,2026-06-12,KRX KIND
294090,이오플로우,코스닥,2026-06-12,KRX KIND
294140,레몬,코스닥,2026-06-12,KRX KIND
294570,쿠콘,코스닥,2026-06-12,KRX KIND
294630,서남,코스닥,2026-06-12,KRX KIND
294870,IPARK현대산업개발,유가,2026-06-12,KRX KIND
295310,에이치브이엠,코스닥,2026-06-12,KRX KIND
296640,이노에이엑스,코스닥,2026-06-12,KRX KIND
297090,씨에스베어링,코스닥,2026-06-12,KRX KIND
297570,알로이스,코스닥,2026-06-12,KRX KIND
297890,HB솔루션,코스닥,2026-06-12,KRX KIND
298000,효성화학,유가,2026-06-12,KRX KIND
298020,효성티앤씨,유가,2026-06-12,KRX KIND
298040,효성중공업,유가,2026-06-12,KRX KIND
298050,HS효성첨단소재,유가,2026-06-12,KRX KIND
298060,풍전약품,코스닥,2026-06-12,KRX KIND
298380,에이비엘바이오,코스닥,2026-06-12,KRX KIND
298540,더네이쳐홀딩스,코스닥,2026-06-12,KRX KIND
298690,에어부산,유가,2026-06-12,KRX KIND
298830,슈어소프트테크,코스닥,2026-06-12,KRX KIND
299030,하나기술,코스닥,2026-06-12,KRX KIND
299170,더블유에스아이,코스닥,2026-06-12,KRX KIND
299660,셀리드,코스닥,2026-06-12,KRX KIND
299900,위지윅스튜디오,코스닥,2026-06-12,KRX KIND
300080,플리토,코스닥,2026-06-12,KRX KIND
300120,라온피플,코스닥,2026-06-12,KRX KIND
300720,한일시멘트,유가,2026-06-12,KRX KIND
301300,바이브컴퍼니,코스닥,2026-06-12,KRX KIND
302430,이노메트리,코스닥,2026-06-12,KRX KIND
302440,SK바이오사이언스,유가,2026-06-12,KRX KIND
302550,리메드,코스닥,2026-06-12,KRX KIND
303030,지니틱스,코스닥,2026-06-12,KRX KIND
303360,프로티아,코스닥,2026-06-12,KRX KIND
303530,이노뎁,코스닥,2026-06-12,KRX KIND
303810,동국생명과학,코스닥,2026-06-12,KRX KIND
304100,솔트룩스,코스닥,2026-06-12,KRX KIND
304360,에스바이오메딕스,코스닥,2026-06-12,KRX KIND
304840,피플바이오,코스닥,2026-06-12,KRX KIND
305090,마이크로디지탈,코스닥,2026-06-12,KRX KIND
306040,에스제이그룹,코스닥,2026-06-12,KRX KIND
306200,세아제강,유가,2026-06-12,KRX KIND
306620,지아이에스,코스닥,2026-06-12,KRX KIND
307180,아이엘,코스닥,2026-06-12,KRX KIND
307280,원바이오젠,코스닥,2026-06-12,KRX KIND
307750,국전,코스닥,2026-06-12,KRX KIND
307870,비투엔,코스닥,2026-06-12,KRX KIND
307930,컴퍼니케이,코스닥,2026-06-12,KRX KIND
307950,현대오토에버,유가,2026-06-12,KRX KIND
308080,바이젠셀,코스닥,2026-06-12,KRX KIND
308100,형지글로벌,코스닥,2026-06-12,KRX KIND
308170,씨티알모빌리티,유가,2026-06-12,KRX KIND
308430,셀비온,코스닥,2026-06-12,KRX KIND
309710,아이티켐,코스닥,2026-06-12,KRX KIND
309930,조이웍스앤코,코스닥,2026-06-12,KRX KIND
309960,LB인베스트먼트,코스닥,2026-06-12,KRX KIND
310200,애니플러스,코스닥,2026-06-12,KRX KIND
310210,보로노이,코스닥,2026-06-12,KRX KIND
310870,디와이씨,코스닥,2026-06-12,KRX KIND
311320,지오엘리먼트,코스닥,2026-06-12,KRX KIND
311390,네오크레마,코스닥,2026-06-12,KRX KIND
311690,CJ 바이오사이언스,코스닥,2026-06-12,KRX KIND
312610,에이에프더블류,코스닥,2026-06-12,KRX KIND
313760,캐리,코스닥,2026-06-12,KRX KIND
314130,지놈앤컴퍼니,코스닥,2026-06-12,KRX KIND
314140,알피바이오,코스닥,2026-06-12,KRX KIND
314930,바이오다인,코스닥,2026-06-12,KRX KIND
315640,딥노이드,코스닥,2026-06-12,KRX KIND
316140,우리금융지주,유가,2026-06-12,KRX KIND
317120,라닉스,코스닥,2026-06-12,KRX KIND
317240,TS트릴리온,코스닥,2026-06-12,KRX KIND
317330,덕산테코피아,코스닥,2026-06-12,KRX KIND
317400,자이에스앤디,유가,2026-06-12,KRX KIND
317450,명인제약,유가,2026-06-12,KRX KIND
317530,에피소드컴퍼니,코스닥,2026-06-12,KRX KIND
317690,퀀타매트릭스,코스닥,2026-06-12,KRX KIND
317770,엑스페릭스,코스닥,2026-06-12,KRX KIND
317830,에스피시스템스,코스닥,2026-06-12,KRX KIND
317850,대모,코스닥,2026-06-12,KRX KIND
317870,엔바이오니아,코스닥,2026-06-12,KRX KIND
318000,KBG,코스닥,2026-06-12,KRX KIND
318010,팜스빌,코스닥,2026-06-12,KRX KIND
318020,포인트모바일,코스닥,2026-06-12,KRX KIND
318060,그래피,코스닥,2026-06-12,KRX KIND
318160,셀바이오휴먼텍,코스닥,2026-06-12,KRX KIND
318410,비비씨,코스닥,2026-06-12,KRX KIND
319400,현대무벡스,코스닥,2026-06-12,KRX KIND
319660,피에스케이,코스닥,2026-06-12,KRX KIND
320000,한울반도체,코스닥,2026-06-12,KRX KIND
321260,프로이천,코스닥,2026-06-12,KRX KIND
321370,센서뷰,코스닥,2026-06-12,KRX KIND
321550,티움바이오,코스닥,2026-06-12,KRX KIND
321820,아티스트컴퍼니,코스닥,2026-06-12,KRX KIND
322000,HD현대에너지솔루션,유가,2026-06-12,KRX KIND
322180,LS티라유텍,코스닥,2026-06-12,KRX KIND
322310,오로스테크놀로지,코스닥,2026-06-12,KRX KIND
322510,제이엘케이,코스닥,2026-06-12,KRX KIND
322780,코퍼스코리아,코스닥,2026-06-12,KRX KIND
323280,태성,코스닥,2026-06-12,KRX KIND
323350,다원넥스뷰,코스닥,2026-06-12,KRX KIND
323410,카카오뱅크,유가,2026-06-12,KRX KIND
323990,박셀바이오,코스닥,2026-06-12,KRX KIND
326030,에스케이바이오팜,유가,2026-06-12,KRX KIND
327260,RF머트리얼즈,코스닥,2026-06-12,KRX KIND
328130,루닛,코스닥,2026-06-12,KRX KIND
328380,솔트웨어,코스닥,2026-06-12,KRX KIND
329180,HD현대중공업,유가,2026-06-12,KRX KIND
330350,위더스제약,코스닥,2026-06-12,KRX KIND
330590,롯데리츠,유가,2026-06-12,KRX KIND
330730,스톤브릿지벤처스,코스닥,2026-06-12,KRX KIND
330860,네패스아크,코스닥,2026-06-12,KRX KIND
331380,포커스에이아이,코스닥,2026-06-12,KRX KIND
331520,밸로프,코스닥,2026-06-12,KRX KIND
331740,아우토크립트,코스닥,2026-06-12,KRX KIND
331920,셀레믹스,코스닥,2026-06-12,KRX KIND
332290,누보,코스닥,2026-06-12,KRX KIND
332370,아이디피,코스닥,2026-06-12,KRX KIND
332570,PS일렉트로닉스,코스닥,2026-06-12,KRX KIND
333050,이노테나,코스닥,2026-06-12,KRX KIND
333430,일승,코스닥,2026-06-12,KRX KIND
333620,엔시스,코스닥,2026-06-12,KRX KIND
334890,이지스밸류플러스리츠,유가,2026-06-12,KRX KIND
334970,프레스티지바이오로직스,코스닥,2026-06-12,KRX KIND
335810,프리시젼바이오,코스닥,2026-06-12,KRX KIND
335870,윙스풋,코스닥,2026-06-12,KRX KIND
336060,웨이버스,코스닥,2026-06-12,KRX KIND
336260,두산퓨얼셀,유가,2026-06-12,KRX KIND
336370,솔루스첨단소재,유가,2026-06-12,KRX KIND
336570,원텍,코스닥,2026-06-12,KRX KIND
336680,탑런토탈솔루션,코스닥,2026-06-12,KRX KIND
337930,젝시믹스,코스닥,2026-06-12,KRX KIND
338100,NH프라임리츠,유가,2026-06-12,KRX KIND
338220,뷰노,코스닥,2026-06-12,KRX KIND
338840,와이바이오로직스,코스닥,2026-06-12,KRX KIND
339770,교촌에프앤비,유가,2026-06-12,KRX KIND
339950,아이비김영,코스닥,2026-06-12,KRX KIND
340360,다보링크,코스닥,2026-06-12,KRX KIND
340440,세림B&G,코스닥,2026-06-12,KRX KIND
340450,지씨지놈,코스닥,2026-06-12,KRX KIND
340570,티앤엘,코스닥,2026-06-12,KRX KIND
340810,시선AI,코스닥,2026-06-12,KRX KIND
340930,유일에너테크,코스닥,2026-06-12,KRX KIND
342870,오아,코스닥,2026-06-12,KRX KIND
344820,케이씨씨글라스,유가,2026-06-12,KRX KIND
344860,이노진,코스닥,2026-06-12,KRX KIND
347000,센코,코스닥,2026-06-12,KRX KIND
347700,스피어,코스닥,2026-06-12,KRX KIND
347740,피엔케이피부임상연구센타,코스닥,2026-06-12,KRX KIND
347770,핌스,코스닥,2026-06-12,KRX KIND
347850,디앤디파마텍,코스닥,2026-06-12,KRX KIND
347860,알체라,코스닥,2026-06-12,KRX KIND
347890,엠엑스온,코스닥,2026-06-12,KRX KIND
348030,모비릭스,코스닥,2026-06-12,KRX KIND
348080,큐라티스,코스닥,2026-06-12,KRX KIND
348150,고바이오랩,코스닥,2026-06-12,KRX KIND
348210,넥스틴,코스닥,2026-06-12,KRX KIND
348340,뉴로메카,코스닥,2026-06-12,KRX KIND
348350,위드텍,코스닥,2026-06-12,KRX KIND
348370,엔켐,코스닥,2026-06-12,KRX KIND
348950,제이알글로벌리츠,유가,2026-06-12,KRX KIND
350520,이지스레지던스리츠,유가,2026-06-12,KRX KIND
351320,넥사다이내믹스,코스닥,2026-06-12,KRX KIND
351330,이삭엔지니어링,코스닥,2026-06-12,KRX KIND
351870,차이커뮤니케이션,코스닥,2026-06-12,KRX KIND
352090,스톰테크,코스닥,2026-06-12,KRX KIND
352480,씨앤씨인터내셔널,코스닥,2026-06-12,KRX KIND
352700,씨앤투스,코스닥,2026-06-12,KRX KIND
352770,셀레스트라,코스닥,2026-06-12,KRX KIND
352820,하이브,유가,2026-06-12,KRX KIND
352910,오비고,코스닥,2026-06-12,KRX KIND
352940,인바이오,코스닥,2026-06-12,KRX KIND
353190,휴럼,코스닥,2026-06-12,KRX KIND
353200,대덕전자,유가,2026-06-12,KRX KIND
353590,오토앤,코스닥,2026-06-12,KRX KIND
353810,이지바이오,코스닥,2026-06-12,KRX KIND
354200,엔젠바이오,코스닥,2026-06-12,KRX KIND
354320,알멕,코스닥,2026-06-12,KRX KIND
355150,코스텍시스,코스닥,2026-06-12,KRX KIND
355390,크라우드웍스,코스닥,2026-06-12,KRX KIND
355690,에이텀,코스닥,2026-06-12,KRX KIND
356680,엑스게이트,코스닥,2026-06-12,KRX KIND
356860,티엘비,코스닥,2026-06-12,KRX KIND
356890,싸이버원,코스닥,2026-06-12,KRX KIND
357120,코람코라이프인프라리츠,유가,2026-06-12,KRX KIND
357230,에이치피오,코스닥,2026-06-12,KRX KIND
357250,미래에셋맵스리츠,유가,2026-06-12,KRX KIND
357430,마스턴프리미어리츠,유가,2026-06-12,KRX KIND
357550,석경에이티,코스닥,2026-06-12,KRX KIND
357580,아모센스,코스닥,2026-06-12,KRX KIND
357780,솔브레인,코스닥,2026-06-12,KRX KIND
357880,SKAI,코스닥,2026-06-12,KRX KIND
358570,지아이이노베이션,코스닥,2026-06-12,KRX KIND
359090,씨엔알리서치,코스닥,2026-06-12,KRX KIND
360070,탑머티리얼,코스닥,2026-06-12,KRX KIND
360350,코셈,코스닥,2026-06-12,KRX KIND
361390,제노코,코스닥,2026-06-12,KRX KIND
361570,알비더블유,코스닥,2026-06-12,KRX KIND
361610,SK아이이테크놀로지,유가,2026-06-12,KRX KIND
361670,삼영에스앤씨,코스닥,2026-06-12,KRX KIND
362320,청담글로벌,코스닥,2026-06-12,KRX KIND
362990,드림인사이트,코스닥,2026-06-12,KRX KIND
363250,진시스템,코스닥,2026-06-12,KRX KIND
363260,모비데이즈,코스닥,2026-06-12,KRX KIND
363280,티와이홀딩스,유가,2026-06-12,KRX KIND
364950,에이아이코리아,코스닥,2026-06-12,KRX KIND
365270,큐라클,코스닥,2026-06-12,KRX KIND
365330,에스와이스틸텍,코스닥,2026-06-12,KRX KIND
365340,성일하이텍,코스닥,2026-06-12,KRX KIND
365550,ESR켄달스퀘어리츠,유가,2026-06-12,KRX KIND
365590,하이딥,코스닥,2026-06-12,KRX KIND
365900,브이씨,코스닥,2026-06-12,KRX KIND
366030,공구우먼,코스닥,2026-06-12,KRX KIND
367000,플래티어,코스닥,2026-06-12,KRX KIND
368600,아이씨에이치,코스닥,2026-06-12,KRX KIND
368770,파이버프로,코스닥,2026-06-12,KRX KIND
368970,오에스피,코스닥,2026-06-12,KRX KIND
369370,블리츠웨이엔터테인먼트,코스닥,2026-06-12,KRX KIND
370090,퓨런티어,코스닥,2026-06-12,KRX KIND
371950,풍원정밀,코스닥,2026-06-12,KRX KIND
372170,윤성에프앤씨,코스닥,2026-06-12,KRX KIND
372320,큐로셀,코스닥,2026-06-12,KRX KIND
372800,아이티아이즈,코스닥,2026-06-12,KRX KIND
372910,한컴라이프케어,유가,2026-06-12,KRX KIND
373110,엑셀세라퓨틱스,코스닥,2026-06-12,KRX KIND
373160,데이원컴퍼니,코스닥,2026-06-12,KRX KIND
373170,엠아이큐브솔루션,코스닥,2026-06-12,KRX KIND
373200,엑스플러스,코스닥,2026-06-12,KRX KIND
373220,LG에너지솔루션,유가,2026-06-12,KRX KIND
375500,DL이앤씨,유가,2026-06-12,KRX KIND
376180,피코그램,코스닥,2026-06-12,KRX KIND
376270,HEM파마,코스닥,2026-06-12,KRX KIND
376290,씨유테크,코스닥,2026-06-12,KRX KIND
376300,디어유,코스닥,2026-06-12,KRX KIND
376900,로킷헬스케어,코스닥,2026-06-12,KRX KIND
376930,노을,코스닥,2026-06-12,KRX KIND
376980,원티드랩,코스닥,2026-06-12,KRX KIND
377030,비트맥스,코스닥,2026-06-12,KRX KIND
377190,디앤디플랫폼리츠,유가,2026-06-12,KRX KIND
377220,프롬바이오,코스닥,2026-06-12,KRX KIND
377300,카카오페이,유가,2026-06-12,KRX KIND
377330,이지트로닉스,코스닥,2026-06-12,KRX KIND
377450,리파인,코스닥,2026-06-12,KRX KIND
377460,큐에이드,코스닥,2026-06-12,KRX KIND
377480,마음AI,코스닥,2026-06-12,KRX KIND
377740,바이오노트,유가,2026-06-12,KRX KIND
378340,필에너지,코스닥,2026-06-12,KRX KIND
378800,샤페론,코스닥,2026-06-12,KRX KIND
378850,화승알앤에이,유가,2026-06-12,KRX KIND
380540,옵티코어,코스닥,2026-06-12,KRX KIND
380550,뉴로핏,코스닥,2026-06-12,KRX KIND
381620,제닉스로보틱스,코스닥,2026-06-12,KRX KIND
381970,케이카,유가,2026-06-12,KRX KIND
382150,온코크로스,코스닥,2026-06-12,KRX KIND
382480,지아이텍,코스닥,2026-06-12,KRX KIND
382800,지앤비에스 에코,코스닥,2026-06-12,KRX KIND
382840,원준,코스닥,2026-06-12,KRX KIND
382900,범한퓨얼셀,코스닥,2026-06-12,KRX KIND
383220,F&F,유가,2026-06-12,KRX KIND
383310,에코프로에이치엔,코스닥,2026-06-12,KRX KIND
383800,LX홀딩스,유가,2026-06-12,KRX KIND
383930,디티앤씨알오,코스닥,2026-06-12,KRX KIND
384470,코어라인소프트,코스닥,2026-06-12,KRX KIND
387570,파인메딕스,코스닥,2026-06-12,KRX KIND
388050,지투파워,코스닥,2026-06-12,KRX KIND
388210,씨엠티엑스,코스닥,2026-06-12,KRX KIND
388610,지에프씨생명과학,코스닥,2026-06-12,KRX KIND
388720,유일로보틱스,코스닥,2026-06-12,KRX KIND
388790,라이콤,코스닥,2026-06-12,KRX KIND
388870,파로스아이바이오,코스닥,2026-06-12,KRX KIND
389020,자람테크놀로지,코스닥,2026-06-12,KRX KIND
389030,지니너스,코스닥,2026-06-12,KRX KIND
389140,포바이포,코스닥,2026-06-12,KRX KIND
389260,대명에너지,코스닥,2026-06-12,KRX KIND
389470,인벤티지랩,코스닥,2026-06-12,KRX KIND
389500,에스비비테크,코스닥,2026-06-12,KRX KIND
389650,넥스트바이오메디컬,코스닥,2026-06-12,KRX KIND
389680,유디엠텍,코스닥,2026-06-12,KRX KIND
391710,코닉오토메이션,코스닥,2026-06-12,KRX KIND
393210,토마토시스템,코스닥,2026-06-12,KRX KIND
393890,더블유씨피,코스닥,2026-06-12,KRX KIND
393970,대진첨단소재,코스닥,2026-06-12,KRX KIND
394280,오픈엣지테크놀로지,코스닥,2026-06-12,KRX KIND
394420,리센스메디컬,코스닥,2026-06-12,KRX KIND
394800,쓰리빌리언,코스닥,2026-06-12,KRX KIND
395400,SK리츠,유가,2026-06-12,KRX KIND
396270,넥스트칩,코스닥,2026-06-12,KRX KIND
396300,세아메카닉스,코스닥,2026-06-12,KRX KIND
396470,워트,코스닥,2026-06-12,KRX KIND
396690,미래에셋글로벌리츠,유가,2026-06-12,KRX KIND
397030,에이프릴바이오,코스닥,2026-06-12,KRX KIND
397810,애드포러스,코스닥,2026-06-12,KRX KIND
398120,에스지헬스케어,코스닥,2026-06-12,KRX KIND
399720,가온칩스,코스닥,2026-06-12,KRX KIND
400760,NH올원리츠,유가,2026-06-12,KRX KIND
402030,코난테크놀로지,코스닥,2026-06-12,KRX KIND
402340,SK스퀘어,유가,2026-06-12,KRX KIND
402490,그린리소스,코스닥,2026-06-12,KRX KIND
403490,우듬지팜,코스닥,2026-06-12,KRX KIND
403550,쏘카,유가,2026-06-12,KRX KIND
403850,더핑크퐁컴퍼니,코스닥,2026-06-12,KRX KIND
403870,HPSP,코스닥,2026-06-12,KRX KIND
404990,신한서부티엔디리츠,유가,2026-06-12,KRX KIND
405000,플라즈맵,코스닥,2026-06-12,KRX KIND
405100,큐알티,코스닥,2026-06-12,KRX KIND
405920,나라셀라,코스닥,2026-06-12,KRX KIND
406820,뷰티스킨,코스닥,2026-06-12,KRX KIND
407400,꿈비,코스닥,2026-06-12,KRX KIND
408470,한패스,코스닥,2026-06-12,KRX KIND
408900,스튜디오미르,코스닥,2026-06-12,KRX KIND
408920,메쎄이상,코스닥,2026-06-12,KRX KIND
411080,샌즈랩,코스닥,2026-06-12,KRX KIND
412350,레이저쎌,코스닥,2026-06-12,KRX KIND
412540,제일엠앤에스,코스닥,2026-06-12,KRX KIND
413390,엠오티,코스닥,2026-06-12,KRX KIND
413630,씨피시스템,코스닥,2026-06-12,KRX KIND
413640,비아이매트릭스,코스닥,2026-06-12,KRX KIND
415380,스튜디오삼익,코스닥,2026-06-12,KRX KIND
415640,KB발해인프라,유가,2026-06-12,KRX KIND
416180,신성에스티,코스닥,2026-06-12,KRX KIND
417010,나노팀,코스닥,2026-06-12,KRX KIND
417180,핑거스토리,코스닥,2026-06-12,KRX KIND
417200,LS머트리얼즈,코스닥,2026-06-12,KRX KIND
417310,코람코더원리츠,유가,2026-06-12,KRX KIND
417500,제이아이테크,코스닥,2026-06-12,KRX KIND
417790,트루엔,코스닥,2026-06-12,KRX KIND
417840,저스템,코스닥,2026-06-12,KRX KIND
417860,오브젠,코스닥,2026-06-12,KRX KIND
417970,모델솔루션,코스닥,2026-06-12,KRX KIND
418250,시큐레터,코스닥,2026-06-12,KRX KIND
418420,라온텍,코스닥,2026-06-12,KRX KIND
418470,KT밀리의서재,코스닥,2026-06-12,KRX KIND
418550,제이오,코스닥,2026-06-12,KRX KIND
418620,E8,코스닥,2026-06-12,KRX KIND
419050,삼기에너지솔루션즈,코스닥,2026-06-12,KRX KIND
419080,엔젯,코스닥,2026-06-12,KRX KIND
419120,산돌,코스닥,2026-06-12,KRX KIND
419530,SAMG엔터,코스닥,2026-06-12,KRX KIND
419540,비스토스,코스닥,2026-06-12,KRX KIND
420570,제이투케이바이오,코스닥,2026-06-12,KRX KIND
420770,기가비스,코스닥,2026-06-12,KRX KIND
424760,벨로크,코스닥,2026-06-12,KRX KIND
424870,이뮨온시아,코스닥,2026-06-12,KRX KIND
424960,스마트레이더시스템,코스닥,2026-06-12,KRX KIND
424980,마이크로투나노,코스닥,2026-06-12,KRX KIND
425040,티이엠씨,코스닥,2026-06-12,KRX KIND
425420,티에프이,코스닥,2026-06-12,KRX KIND
429270,시지트로닉스,코스닥,2026-06-12,KRX KIND
430690,한싹,코스닥,2026-06-12,KRX KIND
431190,케이쓰리아이,코스닥,2026-06-12,KRX KIND
432320,KB스타리츠,유가,2026-06-12,KRX KIND
432430,와이랩,코스닥,2026-06-12,KRX KIND
432470,케이엔에스,코스닥,2026-06-12,KRX KIND
432720,퀄리타스반도체,코스닥,2026-06-12,KRX KIND
432980,엠에프씨,코스닥,2026-06-12,KRX KIND
434480,모니터랩,코스닥,2026-06-12,KRX KIND
435570,에르코스,코스닥,2026-06-12,KRX KIND
437730,삼현,코스닥,2026-06-12,KRX KIND
438700,버넥트,코스닥,2026-06-12,KRX KIND
439090,마녀공장,코스닥,2026-06-12,KRX KIND
439260,대한조선,유가,2026-06-12,KRX KIND
439580,블루엠텍,코스닥,2026-06-12,KRX KIND
439960,코스모로보틱스,코스닥,2026-06-12,KRX KIND
440110,파두,코스닥,2026-06-12,KRX KIND
440290,HB인베스트먼트,코스닥,2026-06-12,KRX KIND
440320,오픈놀,코스닥,2026-06-12,KRX KIND
441270,파인엠텍,코스닥,2026-06-12,KRX KIND
443060,HD현대마린솔루션,유가,2026-06-12,KRX KIND
443250,레뷰코퍼레이션,코스닥,2026-06-12,KRX KIND
443670,에스피소프트,코스닥,2026-06-12,KRX KIND
444530,심플랫폼,코스닥,2026-06-12,KRX KIND
445090,에이직랜드,코스닥,2026-06-12,KRX KIND
445180,퓨릿,코스닥,2026-06-12,KRX KIND
445680,큐리옥스바이오시스템즈,코스닥,2026-06-12,KRX KIND
446070,유니드비티플러스,유가,2026-06-12,KRX KIND
446540,메가터치,코스닥,2026-06-12,KRX KIND
446840,지슨,코스닥,2026-06-12,KRX KIND
448280,에코아이,코스닥,2026-06-12,KRX KIND
448710,코츠테크놀로지,코스닥,2026-06-12,KRX KIND
448730,삼성FN리츠,유가,2026-06-12,KRX KIND
448900,한국피아이엠,코스닥,2026-06-12,KRX KIND
450080,에코프로머티,유가,2026-06-12,KRX KIND
450330,하스,코스닥,2026-06-12,KRX KIND
450520,인스웨이브,코스닥,2026-06-12,KRX KIND
450950,아스테라시스,코스닥,2026-06-12,KRX KIND
451220,아이엠티,코스닥,2026-06-12,KRX KIND
451250,삐아,코스닥,2026-06-12,KRX KIND
451760,컨텍,코스닥,2026-06-12,KRX KIND
451800,한화리츠,유가,2026-06-12,KRX KIND
452160,제이엔비,코스닥,2026-06-12,KRX KIND
452190,한빛레이저,코스닥,2026-06-12,KRX KIND
452200,민테크,코스닥,2026-06-12,KRX KIND
452260,한화갤러리아,유가,2026-06-12,KRX KIND
452280,한선엔지니어링,코스닥,2026-06-12,KRX KIND
452300,캡스톤파트너스,코스닥,2026-06-12,KRX KIND
452400,이닉스,코스닥,2026-06-12,KRX KIND
452430,사피엔반도체,코스닥,2026-06-12,KRX KIND
452450,피아이이,코스닥,2026-06-12,KRX KIND
453340,현대그린푸드,유가,2026-06-12,KRX KIND
453450,그리드위즈,코스닥,2026-06-12,KRX KIND
453860,에이에스텍,코스닥,2026-06-12,KRX KIND
454910,두산로보틱스,유가,2026-06-12,KRX KIND
455180,케이지에이,코스닥,2026-06-12,KRX KIND
455900,엔젤로보틱스,코스닥,2026-06-12,KRX KIND
456010,아이씨티케이,코스닥,2026-06-12,KRX KIND
456040,OCI,유가,2026-06-12,KRX KIND
456070,이엔셀,코스닥,2026-06-12,KRX KIND
456160,지투지바이오,코스닥,2026-06-12,KRX KIND
457190,이수스페셜티케미컬,유가,2026-06-12,KRX KIND
457370,한켐,코스닥,2026-06-12,KRX KIND
457550,우진엔텍,코스닥,2026-06-12,KRX KIND
457600,벡트,코스닥,2026-06-12,KRX KIND
458350,에스팀,코스닥,2026-06-12,KRX KIND
458650,성우,코스닥,2026-06-12,KRX KIND
458870,씨어스,코스닥,2026-06-12,KRX KIND
459100,위츠,코스닥,2026-06-12,KRX KIND
459510,나우로보틱스,코스닥,2026-06-12,KRX KIND
459550,알트,코스닥,2026-06-12,KRX KIND
460470,아이빔테크놀로지,코스닥,2026-06-12,KRX KIND
460850,동국씨엠,유가,2026-06-12,KRX KIND
460860,동국제강,유가,2026-06-12,KRX KIND
460870,에스엠씨지,코스닥,2026-06-12,KRX KIND
460930,현대힘스,코스닥,2026-06-12,KRX KIND
460940,피앤에스로보틱스,코스닥,2026-06-12,KRX KIND
461030,아이엠비디엑스,코스닥,2026-06-12,KRX KIND
461300,아이스크림미디어,코스닥,2026-06-12,KRX KIND
462310,뉴키즈온,코스닥,2026-06-12,KRX KIND
462350,이노스페이스,코스닥,2026-06-12,KRX KIND
462510,라메디텍,코스닥,2026-06-12,KRX KIND
462520,조선내화,유가,2026-06-12,KRX KIND
462860,더즌,코스닥,2026-06-12,KRX KIND
462870,시프트업,유가,2026-06-12,KRX KIND
462980,아이지넷,코스닥,2026-06-12,KRX KIND
463020,뉴엔AI,코스닥,2026-06-12,KRX KIND
463480,모티브링크,코스닥,2026-06-12,KRX KIND
464080,에스오에스랩,코스닥,2026-06-12,KRX KIND
464280,티디에스팜,코스닥,2026-06-12,KRX KIND
464440,한국제13호스팩,코스닥,2026-06-12,KRX KIND
464490,쿼드메디슨,코스닥,2026-06-12,KRX KIND
464500,아이언디바이스,코스닥,2026-06-12,KRX KIND
464580,닷밀,코스닥,2026-06-12,KRX KIND
465320,교보15호스팩,코스닥,2026-06-12,KRX KIND
465480,인스피언,코스닥,2026-06-12,KRX KIND
465770,STX그린로지스,유가,2026-06-12,KRX KIND
466100,클로봇,코스닥,2026-06-12,KRX KIND
466410,사이냅소프트,코스닥,2026-06-12,KRX KIND
466690,키움히어로제1호스팩,코스닥,2026-06-12,KRX KIND
467930,IBKS제23호스팩,코스닥,2026-06-12,KRX KIND
468530,프로티나,코스닥,2026-06-12,KRX KIND
468760,유진스팩10호,코스닥,2026-06-12,KRX KIND
469480,IBKS제24호스팩,코스닥,2026-06-12,KRX KIND
469610,이노테크,코스닥,2026-06-12,KRX KIND
469750,아이비젼웍스,코스닥,2026-06-12,KRX KIND
469880,하나30호스팩,코스닥,2026-06-12,KRX KIND
469900,하나31호스팩,코스닥,2026-06-12,KRX KIND
471050,대신밸런스제17호스팩,코스닥,2026-06-12,KRX KIND
471820,셀로맥스사이언스,코스닥,2026-06-12,KRX KIND
472220,신영스팩10호,코스닥,2026-06-12,KRX KIND
472230,SK증권제11호스팩,코스닥,2026-06-12,KRX KIND
472850,폰드그룹,코스닥,2026-06-12,KRX KIND
473000,SK증권제12호스팩,코스닥,2026-06-12,KRX KIND
473050,유안타제15호스팩,코스닥,2026-06-12,KRX KIND
473950,SK증권제13호스팩,코스닥,2026-06-12,KRX KIND
473980,노머스,코스닥,2026-06-12,KRX KIND
474170,루미르,코스닥,2026-06-12,KRX KIND
474490,유안타제16호스팩,코스닥,2026-06-12,KRX KIND
474610,RF시스템즈,코스닥,2026-06-12,KRX KIND
474650,링크솔루션,코스닥,2026-06-12,KRX KIND
474660,신한제12호스팩,코스닥,2026-06-12,KRX KIND
474930,신한제13호스팩,코스닥,2026-06-12,KRX KIND
475150,SK이터닉스,유가,2026-06-12,KRX KIND
475230,엔알비,코스닥,2026-06-12,KRX KIND
475240,하나32호스팩,코스닥,2026-06-12,KRX KIND
475250,하나33호스팩,코스닥,2026-06-12,KRX KIND
475400,씨메스로보틱스,코스닥,2026-06-12,KRX KIND
475430,키스트론,코스닥,2026-06-12,KRX KIND
475460,미트박스,코스닥,2026-06-12,KRX KIND
475560,더본코리아,유가,2026-06-12,KRX KIND
475580,에이럭스,코스닥,2026-06-12,KRX KIND
475660,에스켐,코스닥,2026-06-12,KRX KIND
475830,오름테라퓨틱,코스닥,2026-06-12,KRX KIND
475960,토모큐브,코스닥,2026-06-12,KRX KIND
476040,오가노이드사이언스,코스닥,2026-06-12,KRX KIND
476060,온코닉테라퓨틱스,코스닥,2026-06-12,KRX KIND
476080,M83,코스닥,2026-06-12,KRX KIND
476830,알지노믹스,코스닥,2026-06-12,KRX KIND
477340,에이치엠씨제7호스팩,코스닥,2026-06-12,KRX KIND
477380,미래에셋비전스팩4호,코스닥,2026-06-12,KRX KIND
477470,미래에셋비전스팩5호,코스닥,2026-06-12,KRX KIND
477760,디비금융스팩12호,코스닥,2026-06-12,KRX KIND
477850,마키나락스,코스닥,2026-06-12,KRX KIND
478110,이베스트스팩6호,코스닥,2026-06-12,KRX KIND
478340,나라스페이스테크놀로지,코스닥,2026-06-12,KRX KIND
478390,KB제29호스팩,코스닥,2026-06-12,KRX KIND
478440,미래에셋비전스팩6호,코스닥,2026-06-12,KRX KIND
478560,블랙야크아이앤씨,코스닥,2026-06-12,KRX KIND
479880,한국제15호스팩,코스닥,2026-06-12,KRX KIND
479960,위너스일렉,코스닥,2026-06-12,KRX KIND
480370,씨케이솔루션,유가,2026-06-12,KRX KIND
481070,에이유브랜즈,코스닥,2026-06-12,KRX KIND
481850,신한글로벌액티브리츠,유가,2026-06-12,KRX KIND
481890,엔에이치스팩31호,코스닥,2026-06-12,KRX KIND
482520,교보16호스팩,코스닥,2026-06-12,KRX KIND
482630,삼양엔씨켐,코스닥,2026-06-12,KRX KIND
482680,미래에셋비전스팩7호,코스닥,2026-06-12,KRX KIND
482690,대신밸런스제19호스팩,코스닥,2026-06-12,KRX KIND
483650,달바글로벌,유가,2026-06-12,KRX KIND
484120,도우인시스,코스닥,2026-06-12,KRX KIND
484130,하나34호스팩,코스닥,2026-06-12,KRX KIND
484590,삼양컴텍,코스닥,2026-06-12,KRX KIND
484810,티엑스알로보틱스,코스닥,2026-06-12,KRX KIND
484870,엠앤씨솔루션,유가,2026-06-12,KRX KIND
486630,KB제30호스팩,코스닥,2026-06-12,KRX KIND
486990,노타,코스닥,2026-06-12,KRX KIND
487360,신한제14호스팩,코스닥,2026-06-12,KRX KIND
487570,HS효성,유가,2026-06-12,KRX KIND
487580,폴레드,코스닥,2026-06-12,KRX KIND
487720,키움제10호스팩,코스닥,2026-06-12,KRX KIND
487830,신한제15호스팩,코스닥,2026-06-12,KRX KIND
488060,유진스팩11호,코스닥,2026-06-12,KRX KIND
488280,에스투더블유,코스닥,2026-06-12,KRX KIND
488900,비츠로넥스텍,코스닥,2026-06-12,KRX KIND
489210,교보17호스팩,코스닥,2026-06-12,KRX KIND
489460,바이오비쥬,코스닥,2026-06-12,KRX KIND
489480,키움제11호스팩,코스닥,2026-06-12,KRX KIND
489500,엘케이켐,코스닥,2026-06-12,KRX KIND
489730,디비금융제13호스팩,코스닥,2026-06-12,KRX KIND
489790,한화비전,유가,2026-06-12,KRX KIND
490470,세미파이브,코스닥,2026-06-12,KRX KIND
491000,리브스메드,코스닥,2026-06-12,KRX KIND
492220,KB제31호스팩,코스닥,2026-06-12,KRX KIND
493280,아이엠바이오로직스,코스닥,2026-06-12,KRX KIND
493330,지에프아이,코스닥,2026-06-12,KRX KIND
493790,유안타제17호스팩,코스닥,2026-06-12,KRX KIND
494120,큐리오시스,코스닥,2026-06-12,KRX KIND
496070,신한제16호스팩,코스닥,2026-06-12,KRX KIND
498390,한화플러스제5호스팩,코스닥,2026-06-12,KRX KIND
499790,GS피앤엘,유가,2026-06-12,KRX KIND
900070,글로벌에스엠,코스닥,2026-06-12,KRX KIND
900100,파이온엑스,코스닥,2026-06-12,KRX KIND
900110,딥커머스,코스닥,2026-06-12,KRX KIND
900120,씨엑스아이,코스닥,2026-06-12,KRX KIND
900140,엘브이엠씨,유가,2026-06-12,KRX KIND
900250,크리스탈신소재,코스닥,2026-06-12,KRX KIND
900260,로스웰,코스닥,2026-06-12,KRX KIND
900270,헝셩그룹,코스닥,2026-06-12,KRX KIND
900290,GRT,코스닥,2026-06-12,KRX KIND
900300,오가닉티코스메틱,코스닥,2026-06-12,KRX KIND
900310,컬러레이,코스닥,2026-06-12,KRX KIND
900340,윙입푸드,코스닥,2026-06-12,KRX KIND
950130,엑세스바이오,코스닥,2026-06-12,KRX KIND
950140,잉글우드랩,코스닥,2026-06-12,KRX KIND
950160,코오롱티슈진,코스닥,2026-06-12,KRX KIND
950170,JTC,코스닥,2026-06-12,KRX KIND
950190,고스트스튜디오,코스닥,2026-06-12,KRX KIND
950200,소마젠,코스닥,2026-06-12,KRX KIND
950210,프레스티지바이오파마,유가,2026-06-12,KRX KIND
950220,네오이뮨텍,코스닥,2026-06-12,KRX KIND
950250,테라뷰,코스닥,2026-06-12,KRX KIND
